round_id,symbol,direction,open_time,close_time,open_price,close_price,max_position,open_trades_count,close_trades_count,pnl_xbt,holding_duration,is_closed,pnl_from_wallet
1,AAVEUSDT,Long,2021-07-27 21:27:02.794000+00:00,2021-08-08 12:02:19.381000+00:00,302.52213579716374,375.19,2327,20,18,,11 days 14:35:16.587000,True,6.655145
2,AAVEUSDT,Long,2021-09-14 08:44:58.876000+00:00,2021-09-15 03:29:41.431000+00:00,338.16207063711914,396.6,1444,6,1,,0 days 18:44:42.555000,True,-0.005445
3,AAVEUSDT,Long,2021-09-20 00:21:44.103000+00:00,2021-10-11 10:45:59.958000+00:00,284.4585128598848,294.20216391554703,9677,184,72,,21 days 10:24:15.855000,True,19.042852000000003
4,AAVEUSDT,Long,2021-10-12 03:10:17.029000+00:00,2021-10-15 01:13:42.012000+00:00,279.41,298.80986498649867,1111,1,3,,2 days 22:03:24.983000,True,-0.06706699999999999
5,AAVEUSDT,Long,2021-10-15 08:51:00.999000+00:00,,322.61311903920875,389.85714285714283,7439,80,17,,1737 days 13:20:14.558000,False,26.124040999999995
6,ADAM20,Long,2020-05-02 14:26:45.069000+00:00,2020-05-04 14:09:50.806000+00:00,5.67141868640816e-06,5.48142650846779e-06,1828163,30,34,,1 days 23:43:05.737000,True,-32.638394000000005
7,ADAM20,Short,2020-05-31 13:01:36.259000+00:00,2020-05-31 15:01:01.490000+00:00,8.78e-06,8.31e-06,-200000,4,7,,0 days 01:59:25.231000,True,0.0
8,ADAM20,Short,2020-05-31 15:10:39.575000+00:00,2020-06-02 15:39:18.579000+00:00,8.576369710467706e-06,8.064543429844097e-06,-404100,47,13,,2 days 00:28:39.004000,True,15.682322000000001
9,ADAM20,Short,2020-06-02 20:17:24.716000+00:00,2020-06-04 01:22:36.382000+00:00,8.445373832687989e-06,9.33969884396019e-06,-1037199,22,11,,1 days 05:05:11.666000,True,14.187625
10,ADAM20,Short,2020-06-06 11:43:44.224000+00:00,2020-06-08 22:08:19.166000+00:00,8.991250000000001e-06,8.878083875e-06,-400000,19,17,,2 days 10:24:34.942000,True,-0.19969199999999998
11,ADAM20,Short,2020-06-09 18:05:06.914000+00:00,2020-06-11 17:51:37.047000+00:00,8.650022805017105e-06,8.224582354618016e-06,-350800,11,11,,1 days 23:46:30.133000,True,1.874
12,ADAM20,Long,2020-06-11 23:36:19.102000+00:00,2020-06-12 05:33:23.328000+00:00,8.03e-06,8.23e-06,50000,1,1,,0 days 05:57:04.226000,True,0.0
13,ADAM20,Short,2020-06-12 06:38:44.125000+00:00,2020-06-15 03:22:00.980000+00:00,8.493333333333332e-06,8.071111111111112e-06,-450000,20,17,,2 days 20:43:16.855000,True,14.648944
14,ADAM20,Long,2020-06-15 03:22:42.164000+00:00,2020-06-15 20:21:57.411000+00:00,7.86e-06,8.37e-06,50000,1,1,,0 days 16:59:15.247000,True,18.035101
15,ADAM20,Short,2020-06-15 20:21:57.411000+00:00,2020-06-15 21:01:34.838000+00:00,8.37e-06,8.4e-06,-50000,1,1,,0 days 00:39:37.427000,True,0.0
16,ADAM20,Short,2020-06-18 07:54:28.713000+00:00,2020-06-22 06:27:13.773000+00:00,8.70974943587815e-06,8.45e-06,-170176,63,1,,3 days 22:32:45.060000,True,0.040471
17,ADAM20,Short,2020-06-24 02:13:03.605000+00:00,2020-06-24 06:19:12.538000+00:00,8.787866796711717e-06,8.93e-06,-172248,26,8,,0 days 04:06:08.933000,True,0.0
18,ADAUSD,Long,2021-10-26 05:00:42.074000+00:00,2021-11-19 17:00:25.402000+00:00,2.102586043863194,1.9686842937894582,15000,112,249,,24 days 11:59:43.328000,True,-46.128501
19,ADAUSD,Short,2021-11-19 17:00:25.402000+00:00,2021-11-20 11:47:48.728000+00:00,1.9017611066773077,1.9387263646141435,-14876,120,20,,0 days 18:47:23.326000,True,0.0
20,ADAUSDT,Long,2021-08-09 18:47:45.807000+00:00,2021-08-10 16:43:22.467000+00:00,1.4999981249999998,1.5447727573529413,544,52,100,,0 days 21:55:36.660000,True,-1.200549
21,ALTMEXUSD,Long,2021-07-23 04:23:53.756000+00:00,2021-07-26 18:51:07.117000+00:00,92.0513596491228,103.40934409888358,10032,34,4,,3 days 14:27:13.361000,True,-0.078947
22,ALTMEXUSD,Long,2021-07-27 21:25:17.935000+00:00,2021-07-30 21:00:09.605000+00:00,98.37677328316086,105.40999999999998,2126,7,6,,2 days 23:34:51.670000,True,-0.01848
23,AXSUSDT,Short,2021-08-11 07:20:56.717000+00:00,2021-08-20 00:32:50.152000+00:00,77.82266881028939,74.19944694533761,-1244,21,6,,8 days 17:11:53.435000,True,1.804096
24,AXSUSDT,Short,2021-08-21 09:08:12.908000+00:00,2021-09-07 14:48:25.942000+00:00,88.94117647058823,73.63040567037626,-2997,44,26,,17 days 05:40:13.034000,True,18.729954000000003
25,AXSUSDT,Short,2021-10-01 15:02:56.097000+00:00,2021-10-02 23:31:18.544000+00:00,110.58265909005381,110.12584345011855,-24473,276,253,,1 days 08:28:22.447000,True,-4.799275
26,AXSUSDT,Short,2021-10-03 15:37:31.899000+00:00,2021-10-05 19:43:29.260000+00:00,134.80961501063507,132.7450902461258,-4472,76,117,,2 days 04:05:57.361000,True,-11.471281999999999
27,AXSUSDT,Short,2021-10-29 13:20:26.105000+00:00,2021-10-29 16:16:08.976000+00:00,149.5,155.1315165165165,-666,4,8,,0 days 02:55:42.871000,True,0.0
28,BCHH21,Long,2021-01-20 00:52:39.433000+00:00,2021-01-25 23:30:53.932000+00:00,0.013810000000000001,0.013242190476190477,105,32,12,,5 days 22:38:14.499000,True,-0.021973
29,BCHH21,Long,2021-02-01 11:38:40.077000+00:00,2021-02-06 01:40:29.754000+00:00,0.0122275,0.01185945,400,31,26,,4 days 14:01:49.677000,True,-9.572167
30,BCHUSD,Long,2020-09-13 01:17:39.200000+00:00,2020-09-13 13:06:21.423000+00:00,232.53636363636363,223.4690909090909,2200,4,4,,0 days 11:48:42.223000,True,-0.055811
31,BCHUSD,Long,2020-10-22 13:48:26.384000+00:00,2020-10-26 15:42:20.126000+00:00,271.5145475848514,263.20291783203567,10229,28,13,,4 days 01:53:53.742000,True,-2.1180879999999997
32,BCHUSD,Long,2020-10-26 15:43:06.172000+00:00,2020-10-28 11:37:16.607000+00:00,257.7037076188239,268.34295278365045,12771,6,10,,1 days 19:54:10.435000,True,-9.909458
33,BCHUSD,Long,2020-11-02 14:08:58.210000+00:00,2020-11-04 11:06:01.270000+00:00,243.5021739130435,231.55565217391305,23000,8,16,,1 days 20:57:03.060000,True,0.077302
34,BCHUSD,Long,2021-02-01 05:45:04.345000+00:00,2021-02-02 16:14:06.512000+00:00,411.5056385006353,424.3273558146864,6296,27,8,,1 days 10:29:02.167000,True,-1.146063
35,BCHUSD,Short,2021-02-02 16:14:06.512000+00:00,2021-02-02 16:14:13.307000+00:00,424.3,425.25,-370,2,1,,0 days 00:00:06.795000,True,0.0
36,BMEXUSD,Long,2022-11-16 01:22:48.452000+00:00,2022-11-17 21:38:15.837000+00:00,0.6043333333333333,0.7625,3000,4,2,,1 days 20:15:27.385000,True,-0.016738
37,BMEXUSD,Long,2022-11-21 10:19:38.164000+00:00,2022-11-28 21:05:09.635000+00:00,0.43309892371995823,0.45118599791013586,50400,41,67,,7 days 10:45:31.471000,True,0.42813
38,BMEX_USDT,Short,2022-11-12 04:36:03.138000+00:00,2022-11-15 01:34:36.321000+00:00,1.0317778382793357,0.7726537339926461,-7346000000,35,22,,2 days 20:58:33.183000,True,0.0
39,BMEX_USDT,Long,2022-11-15 01:34:36.321000+00:00,2022-12-02 22:45:44.069000+00:00,0.6338565600171785,0.7514590979782271,2976000000,5,5,,17 days 21:11:07.748000,True,0.0
40,BMEX_USDT,Short,2022-12-02 22:45:44.069000+00:00,2022-12-05 14:23:52.218000+00:00,0.7808972816159879,0.6919461934745278,-7346000000,22,18,,2 days 15:38:08.149000,True,0.0
41,BMEX_USDT,Long,2022-12-05 14:23:52.218000+00:00,2022-12-13 07:10:43.685000+00:00,0.6047007223942208,0.6104780300013275,3351000000,4,6,,7 days 16:46:51.467000,True,0.0
42,BMEX_USDT,Short,2022-12-13 07:10:43.685000+00:00,2023-02-13 14:41:39.690000+00:00,0.593288748464104,0.5940159831948123,-7346000000,13,22,,62 days 07:30:56.005000,True,0.0
43,BMEX_USDT,Long,2023-02-13 14:41:39.690000+00:00,2023-02-15 06:17:57.408000+00:00,0.676706031424227,0.7568051118210862,1755000000,7,4,,1 days 15:36:17.718000,True,0.0
44,BMEX_USDT,Short,2023-02-15 06:17:57.408000+00:00,2023-02-24 20:33:54.114000+00:00,0.81,0.6419433368310599,-799000000,4,7,,9 days 14:15:56.706000,True,0.0
45,BMEX_USDT,Long,2023-02-24 20:33:54.114000+00:00,2023-08-31 18:02:42.144000+00:00,0.6017463449004756,0.3527317694369973,5600000000,18,7,,187 days 21:28:48.030000,True,0.0
46,BMEX_USDT,Short,2023-08-31 18:02:42.144000+00:00,,0.3521322840321999,,-7346000000,10,0,0.0,1052 days 04:08:33.413000,False,0.0
47,BNBUSD,Long,2022-01-15 09:17:33.275000+00:00,2022-01-15 20:02:51.503000+00:00,493.3591515151515,497.0,3300,12,14,,0 days 10:45:18.228000,True,-0.06508
48,BNBUSDT,Long,2021-05-24 05:47:01.011000+00:00,2021-05-24 21:44:45.619000+00:00,275.2209010600707,337.9834982332155,566,26,2,,0 days 15:57:44.608000,True,0.002892
49,BNBUSDT,Long,2021-05-25 10:37:05.004000+00:00,2021-05-28 04:58:31.881000+00:00,310.52000000000004,354.11,111,2,1,,2 days 18:21:26.877000,True,3.5054250000000002
50,BNBUSDT,Long,2021-05-29 18:13:16.702000+00:00,2021-06-05 00:05:21.289000+00:00,299.07,390.332972972973,111,3,2,,6 days 05:52:04.587000,True,-0.09562500000000002
51,BNBUSDT,Long,2021-09-14 08:45:44.117000+00:00,2021-09-16 01:00:04.869000+00:00,403.65000000000003,425.9900900900901,444,4,4,,1 days 16:14:20.752000,True,0.028685
52,BNBUSDT,Long,2021-09-20 02:35:14.354000+00:00,2021-10-01 13:53:09.525000+00:00,349.9613906678866,411.8156742909424,5465,54,9,,11 days 11:17:55.171000,True,-1.306244
53,BNBUSDT,Long,2021-10-11 00:03:21.172000+00:00,2021-10-11 16:36:13.469000+00:00,401.82,416.98,1111,2,4,,0 days 16:32:52.297000,True,-0.000157
54,DOGEUSD,Long,2021-10-01 10:11:06.936000+00:00,2021-10-03 18:59:25.470000+00:00,0.20649,0.21743697054491898,6790,59,57,,2 days 08:48:18.534000,True,6.5468020000000005
55,DOGEUSD,Long,2021-10-03 20:52:57.103000+00:00,2021-10-04 19:15:59.991000+00:00,0.2158560463121784,0.2276094382504288,2332,7,6,,0 days 22:23:02.888000,True,0.794796
56,DOGEUSD,Long,2021-10-07 14:37:02.172000+00:00,2021-10-29 01:40:43.006000+00:00,0.2681823688773299,0.31456653987863026,16234,67,40,,21 days 11:03:40.834000,True,11.962492999999998
57,DOGEUSD,Long,2021-10-30 02:37:48.808000+00:00,2021-11-04 06:09:05.647000+00:00,0.28454285714285715,0.2680001851613733,7777,38,24,,5 days 03:31:16.839000,True,-1.9480639999999998
58,DOGEUSD,Long,2021-11-24 14:18:37.103000+00:00,2021-11-26 16:09:14.318000+00:00,0.19826444444444447,0.20436914591459146,9999,59,64,,2 days 01:50:37.215000,True,-0.130551
59,DOGEUSD,Long,2022-01-12 05:48:13.181000+00:00,2022-01-14 10:04:18.630000+00:00,0.15737861375,0.17760388375,5000,56,26,,2 days 04:16:05.449000,True,2.403204
60,DOGEUSD,Long,2022-01-16 11:57:12.514000+00:00,2022-01-17 08:05:14.836000+00:00,0.17302368799999998,0.16958531400000001,5000,15,7,,0 days 20:08:02.322000,True,-0.004482
61,DOGEUSD,Long,2022-01-22 16:04:26.835000+00:00,2022-01-26 15:26:54.877000+00:00,0.13791316666666664,0.1495571066666667,3000,11,5,,3 days 23:22:28.042000,True,-0.05991
62,DOGEUSD,Long,2022-01-26 21:41:05.950000+00:00,2022-01-28 19:31:52.389000+00:00,0.140975,0.13913447,1000,4,2,,1 days 21:50:46.439000,True,3.437472
63,DOGEUSD,Long,2022-02-07 18:15:56.134000+00:00,2022-02-13 11:25:28.782000+00:00,0.15491905405405407,0.15534236891891892,22000,91,42,,5 days 17:09:32.648000,True,0.22340100000000002
64,DOGEUSD,Long,2022-02-24 05:45:28.064000+00:00,2022-02-27 20:13:58.550000+00:00,0.108,0.12233041441441443,1110,3,2,,3 days 14:28:30.486000,True,-0.030985
65,DOGEUSD,Long,2022-04-05 06:05:58.694000+00:00,2022-04-06 00:09:46.599000+00:00,0.15329689361702128,0.16729687234042553,4700,16,16,,0 days 18:03:47.905000,True,-0.023328
66,DOGEUSD,Long,2022-04-06 13:41:48.288000+00:00,2022-09-19 12:04:35.626000+00:00,0.08381816306768665,0.08549360242299044,37884,283,209,,165 days 22:22:47.338000,True,9.232609000000002
67,DOGEUSD,Long,2022-09-23 06:57:18.084000+00:00,2022-10-01 21:58:39.862000+00:00,0.06200237315875614,0.06075513911620294,1222,4,5,,8 days 15:01:21.778000,True,-0.0659
68,DOGEUSD,Long,2022-10-05 00:25:06.337000+00:00,2022-10-27 09:13:29.651000+00:00,0.06227004644779901,0.07726753140504593,18946,27,20,,22 days 08:48:23.314000,True,-0.166681
69,DOGEUSD,Long,2022-10-27 10:43:18.397000+00:00,2022-10-27 13:48:22.768000+00:00,0.07482,0.07705,622,1,1,,0 days 03:05:04.371000,True,28.376198
70,DOGEUSD,Long,2022-10-28 03:57:00.432000+00:00,2022-10-28 15:48:01.587000+00:00,0.07397785285285285,0.08505,666,3,3,,0 days 11:51:01.155000,True,0.130453
71,DOGEUSD,Short,2022-10-28 15:48:01.587000+00:00,2022-10-30 13:57:32.925000+00:00,0.1170503411558669,0.11897373114385175,-14422,23,47,,1 days 22:09:31.338000,True,-3.326594
72,DOGEUSD,Short,2022-10-31 00:58:30.425000+00:00,2022-10-31 10:02:39.093000+00:00,0.126,0.12322999999999999,-333,1,1,,0 days 09:04:08.668000,True,0.0
73,DOGEUSD,Short,2022-11-01 04:28:39.642000+00:00,2022-11-01 11:06:50.233000+00:00,0.14788222222222222,0.14544126126126125,-1998,9,6,,0 days 06:38:10.591000,True,0.0
74,DOGEUSD,Long,2022-11-02 08:12:01.805000+00:00,2022-11-03 05:26:26.680000+00:00,0.1292780580580581,0.13321301301301303,999,8,5,,0 days 21:14:24.875000,True,-0.000569
75,DOGEUSD,Long,2022-11-03 08:03:09.265000+00:00,2022-11-04 23:12:00.993000+00:00,0.12465599999999999,0.12616864864864866,2220,9,5,,1 days 15:08:51.728000,True,0.359647
76,DOGEUSD,Long,2022-11-05 09:09:30.837000+00:00,2022-11-08 19:21:30.783000+00:00,0.1115129523979319,0.09422657336423604,9552,15,21,,3 days 10:11:59.946000,True,-0.227292
77,DOGEUSD,Long,2022-11-08 19:22:34.509000+00:00,2022-11-08 19:33:31.269000+00:00,0.08449999999999999,0.078,8888,4,1,,0 days 00:10:56.760000,True,0.0
78,DOGEUSD,Long,2022-11-09 21:18:58.867000+00:00,2022-11-12 05:03:48.386000+00:00,0.08383134576271187,0.08067345423728814,2950,14,6,,2 days 07:44:49.519000,True,-0.009509
79,DOGEUSD,Long,2022-11-12 18:08:10.231000+00:00,2022-11-20 21:44:14.194000+00:00,0.0853140271926465,0.07850834163155879,5222,7,9,,8 days 03:36:03.963000,True,-0.345438
80,DOGEUSD,Long,2022-11-23 09:07:50.992000+00:00,2022-12-26 21:41:14.077000+00:00,0.09025490408384075,0.09037230483095221,66983,108,98,,33 days 12:33:23.085000,True,37.135328
81,DOGEUSD,Long,2022-12-28 05:44:50.833000+00:00,2023-02-15 06:40:07.497000+00:00,0.08121450082684867,0.08556017871683162,47894,231,246,,49 days 00:55:16.664000,True,35.68817200000001
82,DOGEUSD,Long,2023-02-16 18:26:20.820000+00:00,2023-02-22 16:50:05.321000+00:00,0.08556379693654267,0.08447321663019694,25831,17,34,,5 days 22:23:44.501000,True,-2.4683319999999997
83,DOGEUSD,Short,2023-03-10 04:05:07.531000+00:00,2023-03-10 09:53:30.973000+00:00,0.06563983725761773,0.0645611876731302,-2888,7,4,,0 days 05:48:23.442000,True,0.0
84,DOGEUSD,Short,2023-03-11 00:50:06.777000+00:00,2023-03-11 05:13:32.383000+00:00,0.06783856573705178,0.06658305843293492,-7530,5,8,,0 days 04:23:25.606000,True,0.0
85,DOGEUSD,Long,2023-03-21 17:16:38.376000+00:00,2023-03-23 15:07:20.779000+00:00,0.077716,0.077419499549955,11110,36,6,,1 days 21:50:42.403000,True,-0.147082
86,DOGEUSD,Long,2023-04-14 01:52:21.965000+00:00,2023-05-03 14:41:19.227000+00:00,0.08821914318342122,0.08639521546367514,23386,50,61,,19 days 12:48:57.262000,True,-5.333099999999999
87,DOGEUSD,Long,2023-05-08 17:39:22.652000+00:00,2023-05-24 03:42:51.839000+00:00,0.07289,0.07133846084608461,4444,5,8,,15 days 10:03:29.187000,True,0.8037759999999999
88,DOGEUSD,Long,2023-06-06 15:10:26.045000+00:00,2023-06-06 20:19:02.357000+00:00,0.06826,0.07104615615615616,666,2,3,,0 days 05:08:36.312000,True,0.0
89,DOGEUSD,Long,2023-06-07 14:22:34.220000+00:00,2023-08-14 19:18:15.878000+00:00,0.07168763165671731,0.07463693165474712,18197,113,83,,68 days 04:55:41.658000,True,14.590102000000002
90,DOGEUSD,Long,2023-08-20 09:51:29.678000+00:00,2023-09-07 09:57:44.762000+00:00,0.06309821382138214,0.0649059195919592,9999,25,19,,18 days 00:06:15.084000,True,2.118793
91,DOGEUSD,Long,2023-09-10 04:22:45.534000+00:00,2023-09-11 10:22:02.935000+00:00,0.059669999999999994,0.05981080108010801,1111,2,3,,1 days 05:59:17.401000,True,0.291979
92,DOGEUSD,Long,2023-10-09 09:50:05.437000+00:00,2023-10-10 18:39:44.058000+00:00,0.0575675,0.05884833483348335,4444,5,6,,1 days 08:49:38.621000,True,0.708073
93,DOGEUSD,Long,2023-10-11 02:34:59.289000+00:00,2023-10-11 18:51:19.461000+00:00,0.0581,0.05793,1111,11,2,,0 days 16:16:20.172000,True,-0.062673
94,DOGEUSD,Long,2023-10-25 15:05:43.029000+00:00,2023-11-17 10:18:41.401000+00:00,0.0673193270165209,0.07456701895043731,8687,34,52,,22 days 19:12:58.372000,True,10.290292999999998
95,DOGEUSD,Long,2023-11-19 05:31:07.811000+00:00,2023-11-29 14:30:28.199000+00:00,0.07500948001299967,0.07799353496353496,9231,30,27,,10 days 08:59:20.388000,True,2.256622
96,DOGEUSD,Short,2023-11-29 14:30:28.199000+00:00,2023-11-30 21:32:28.847000+00:00,0.08135,0.08308,-93,1,1,,1 days 07:02:00.648000,True,0.009519
97,DOGEUSD,Long,2023-11-30 21:32:28.847000+00:00,2023-12-06 06:07:10.475000+00:00,0.08306999999999999,0.0888550677506775,1107,4,6,,5 days 08:34:41.628000,True,0.328388
98,DOGEUSD,Long,2024-01-02 07:36:31.830000+00:00,2024-01-14 19:55:07.724000+00:00,0.09240314000676361,0.08326186168413932,4602,10,32,,12 days 12:18:35.894000,True,-0.603383
99,DOGEUSD,Long,2024-03-03 20:25:32.414000+00:00,2024-04-09 14:39:45.131000+00:00,0.14955550901639345,0.17637471639344263,7000,77,121,,36 days 18:14:12.717000,True,24.889934
100,DOGEUSD,Long,2024-04-12 18:32:30.519000+00:00,2024-04-23 08:11:41.501000+00:00,0.14560263157894737,0.1483899042105263,8000,13,72,,10 days 13:39:10.982000,True,1.8796090000000003
101,DOGEUSD,Long,2024-04-30 08:56:25.508000+00:00,2024-06-10 19:23:33.700000+00:00,0.13494527659574468,0.15636898510638297,3000,17,61,,41 days 10:27:08.192000,True,8.979616
102,DOGEUSD,Long,2024-06-14 16:08:20.295000+00:00,2024-08-01 05:21:56.886000+00:00,0.10604883116883117,0.1162067396103896,15400,95,114,,47 days 13:13:36.591000,True,14.286721
103,DOGEUSD,Long,2024-08-10 11:00:20.967000+00:00,2024-11-04 22:30:18.788000+00:00,0.13226519637681158,0.1479497231884058,11800,105,120,,86 days 11:29:57.821000,True,20.378595999999998
104,DOGEUSDT,Long,2021-02-08 04:42:56.268000+00:00,2021-02-09 14:47:46.713000+00:00,0.07190027777777779,0.07778938688688689,3996,25,7,,1 days 10:04:50.445000,True,1.269749
105,DOGEUSDT,Long,2021-02-09 15:12:53.146000+00:00,2021-02-15 02:19:37.491000+00:00,0.0653329731895047,0.06278979799135884,30505,57,41,,5 days 11:06:44.345000,True,1.2113339999999997
106,DOGEUSDT,Long,2021-02-18 07:36:10.590000+00:00,2021-02-27 14:34:13.356000+00:00,0.05021129032258065,0.0510553654075085,32230,52,18,,9 days 06:58:02.766000,True,2.926216
107,DOGEUSDT,Long,2021-02-28 21:57:30.065000+00:00,2021-03-24 22:24:59.835000+00:00,0.04989034939857622,0.05103796988789788,12221,50,7,,24 days 00:27:29.770000,True,-4.993318
108,DOGEUSDT,Long,2021-04-03 21:33:47.448000+00:00,2021-04-16 01:47:07.575000+00:00,0.057728859560024166,0.10098617059027733,77777,24,32,,12 days 04:13:20.127000,True,287.836879
109,DOGEUSDT,Short,2021-04-19 14:37:21.998000+00:00,2021-04-19 15:17:55.825000+00:00,0.366,0.3642837837837838,-111,2,3,,0 days 00:40:33.827000,True,0.0
110,DOGEUSDT,Short,2021-04-19 15:25:08.677000+00:00,2021-04-20 04:31:57.967000+00:00,0.3824423076923077,0.42059331254331256,-1443,10,8,,0 days 13:06:49.290000,True,0.0
111,DOGEUSDT,Long,2021-04-30 18:14:17.797000+00:00,2021-05-03 09:27:08.679000+00:00,0.32627494303076343,0.3860250094948728,5266,5,26,,2 days 15:12:50.882000,True,-1.603864
112,DOGEUSDT,Short,2021-05-04 13:37:22.070000+00:00,2021-05-04 15:07:16.547000+00:00,0.5789,0.5197649999999999,-100,2,2,,0 days 01:29:54.477000,True,0.0
113,DOGEUSDT,Short,2021-05-05 03:17:07.280000+00:00,2021-05-05 08:28:47.407000+00:00,0.6716666666666666,0.6333708416666667,-2400,17,15,,0 days 05:11:40.127000,True,0.0
114,DOGEUSDT,Short,2021-05-05 08:31:10.921000+00:00,2021-05-05 17:34:24.504000+00:00,0.6689628571428571,0.6090814285714286,-1554,9,11,,0 days 09:03:13.583000,True,9.73832
115,DOGEUSDT,Short,2021-05-06 04:45:00.175000+00:00,2021-05-07 02:20:03.607000+00:00,0.61616,0.5335541441441443,-222,2,3,,0 days 21:35:03.432000,True,9.320748
116,DOGEUSDT,Short,2021-05-07 07:03:18.919000+00:00,2021-05-08 20:39:57.896000+00:00,0.699267891504606,0.6733738178096212,-1954,20,7,,1 days 13:36:38.977000,True,2.052779
117,DOGEUSDT,Long,2021-05-09 13:34:01.350000+00:00,2021-05-10 09:20:19.400000+00:00,0.47240499999999996,0.5129159426229508,244,3,9,,0 days 19:46:18.050000,True,0.0
118,DOGEUSDT,Long,2021-05-10 14:05:37.497000+00:00,2021-05-12 18:33:14.800000+00:00,0.45485631626074496,0.4425711980659026,5584,68,22,,2 days 04:27:37.303000,True,-0.168016
119,DOGEUSDT,Long,2021-05-12 22:24:07.006000+00:00,2021-05-13 18:46:57.197000+00:00,0.4039115938827528,0.38329972472387425,5885,25,12,,0 days 20:22:50.191000,True,-7.311139
120,DOGEUSDT,Long,2021-05-13 21:12:06.163000+00:00,2021-05-14 07:20:54.433000+00:00,0.41405114623366646,0.4516435549577248,10408,82,86,,0 days 10:08:48.270000,True,0.0
121,DOGEUSDT,Long,2021-05-18 04:12:37.153000+00:00,2021-05-19 01:19:06.495000+00:00,0.49883627371273714,0.4679104940960124,20664,229,141,,0 days 21:06:29.342000,True,0.175575
122,DOGEUSDT,Long,2021-05-20 00:36:10.494000+00:00,2021-05-20 13:45:08.477000+00:00,0.3094181119330975,0.407771518173046,3109,42,2,,0 days 13:08:57.983000,True,-0.052799
123,DOGEUSDT,Long,2021-05-23 12:43:23.950000+00:00,2021-05-28 06:13:57.589000+00:00,0.2839308103545301,0.31928760551491275,3554,10,6,,4 days 17:30:33.639000,True,-2.380445
124,DOGEUSDT,Long,2021-05-28 06:17:25.758000+00:00,2021-06-02 11:23:53.310000+00:00,0.3043939971550498,0.4288654433380749,2109,17,9,,5 days 05:06:27.552000,True,10.947431000000002
125,DOGEUSDT,Long,2021-07-27 21:28:21.806000+00:00,2021-08-08 11:52:48.548000+00:00,0.2039515186715522,0.2420435581195915,12827,37,22,,11 days 14:24:26.742000,True,-1.624555
126,DOGEUSDT,Long,2021-08-08 23:19:04.151000+00:00,2021-08-11 21:04:02.422000+00:00,0.24346737369389113,0.27626722811411575,25553,101,85,,2 days 21:44:58.271000,True,24.069027
127,DOGEUSDT,Long,2021-08-13 23:58:42.613000+00:00,2021-08-15 06:22:01.401000+00:00,0.28374,0.2992346084608461,2222,5,10,,1 days 06:23:18.788000,True,-0.024652
128,DOGEUSDT,Long,2021-08-26 06:57:39.682000+00:00,2021-09-02 23:30:08.490000+00:00,0.2752242469246925,0.29163970297029707,6666,33,22,,7 days 16:32:28.808000,True,1.4596739999999997
129,DOGEUSDT,Long,2021-09-05 23:12:48.540000+00:00,2021-09-20 12:37:28.066000+00:00,0.25584352350261136,0.22481385265029447,25553,140,62,,14 days 13:24:39.526000,True,-54.689398999999995
130,DOTUSDT,Long,2021-03-06 23:27:08.836000+00:00,2021-03-08 19:34:55.882000+00:00,33.63914285714286,34.4,231,21,5,,1 days 20:07:47.046000,True,-0.016096
131,DOTUSDT,Long,2021-04-02 23:16:31.678000+00:00,2021-04-03 20:54:18.193000+00:00,39.89463023057216,43.84809137489325,1171,12,8,,0 days 21:37:46.515000,True,30.985927
132,DOTUSDT,Long,2021-04-03 21:47:14.216000+00:00,2021-05-01 14:34:57.502000+00:00,43.14930364597829,33.356268238557554,6964,177,495,,27 days 16:47:43.286000,True,-774.9867440000002
133,DOTUSDT,Short,2021-05-01 14:34:57.502000+00:00,2021-05-02 03:36:32.418000+00:00,36.387,36.45,-729,106,119,,0 days 13:01:34.916000,True,0.0
134,DOTUSDT,Long,2021-05-05 12:26:29.558000+00:00,2021-05-10 14:30:34.815000+00:00,38.73336412213741,40.41042442748091,1310,87,32,,5 days 02:04:05.257000,True,19.160702
135,DOTUSDT,Long,2021-05-10 20:49:20.312000+00:00,2021-05-12 19:09:01.222000+00:00,35.376,37.70000000000001,222,1,2,,1 days 22:19:40.910000,True,0.932739
136,DOTUSDT,Long,2021-07-04 08:14:24.938000+00:00,2021-07-08 07:47:07.971000+00:00,15.870484769529583,15.971396655455019,21109,1052,910,,3 days 23:32:43.033000,True,9.464852
137,DOTUSDT,Long,2021-08-09 18:48:57.438000+00:00,2021-08-17 07:04:54.304000+00:00,21.72212504854369,22.677806601941747,1909,177,156,,7 days 12:15:56.866000,True,14.300595000000001
138,DOTUSDTH21,Long,2021-01-13 22:27:28.708000+00:00,2021-01-15 01:55:37.028000+00:00,11.631225806451612,15.602580645161293,31,4,2,,1 days 03:28:08.320000,True,-0.000317
139,DOTUSDTH21,Long,2021-02-08 10:36:46.146000+00:00,2021-02-09 11:01:42.787000+00:00,23.4895,25.99438388625592,211,5,5,,1 days 00:24:56.641000,True,-0.0111
140,DOTUSDTH21,Long,2021-02-26 17:13:05.976000+00:00,2021-02-27 14:34:28.044000+00:00,38.267575,39.8,100,6,1,,0 days 21:21:22.068000,True,0.007652
141,DOTUSDTH21,Long,2021-02-28 15:52:27.522000+00:00,2021-03-04 06:33:34.062000+00:00,33.0595,39.522161137440754,211,1,9,,3 days 14:41:06.540000,True,6.467309
142,DOTUSDTH21,Long,2021-03-24 22:20:16.303000+00:00,2021-03-24 23:41:56.187000+00:00,30.393048309178745,30.87,414,7,9,,0 days 01:21:39.884000,True,0.0
143,EOSH21,Long,2021-01-31 11:31:18.385000+00:00,2021-01-31 15:31:00.731000+00:00,8.93e-05,8.541418541854185e-05,5555,7,9,,0 days 03:59:42.346000,True,-0.034248
144,EOSH21,Long,2021-02-07 13:50:30.972000+00:00,2021-02-07 15:38:05.259000+00:00,8.82e-05,8.683960396039603e-05,5555,17,4,,0 days 01:47:34.287000,True,0.0
145,EOSUSDTZ20,Long,2020-10-12 14:58:26.272000+00:00,2020-10-14 14:29:40.627000+00:00,2.9747500000000002,2.8532,11110,6,1,,1 days 23:31:14.355000,True,-0.059669
146,ETHH21,Long,2020-12-26 15:54:11.011000+00:00,2021-01-03 13:45:06.396000+00:00,0.024152881072026802,0.025156683417085428,670,90,48,,7 days 21:50:55.385000,True,118.991775
147,ETHH21,Short,2021-01-06 18:57:18.364000+00:00,2021-01-06 20:08:19.745000+00:00,0.03364363636363637,0.03275,-44,7,1,,0 days 01:11:01.381000,True,0.0
148,ETHH21,Long,2021-01-15 07:48:59.447000+00:00,2021-01-17 10:01:39.690000+00:00,0.032281451247165534,0.03311936507936508,386,71,26,,2 days 02:12:40.243000,True,0.613367
149,ETHH21,Long,2021-01-19 03:22:59.353000+00:00,2021-01-19 12:05:03.169000+00:00,0.0367177027027027,0.038210675675675675,74,6,5,,0 days 08:42:03.816000,True,-0.009223
150,ETHH21,Long,2021-01-20 12:02:09.498000+00:00,2021-01-21 02:09:23.539000+00:00,0.03685,0.038618181818181815,33,2,6,,0 days 14:07:14.041000,True,0.0
151,ETHH21,Long,2021-01-21 22:37:58.399000+00:00,2021-01-24 12:30:53.715000+00:00,0.036945454545454545,0.04009009569377991,154,42,20,,2 days 13:52:55.316000,True,6.499736
152,ETHH21,Long,2021-01-25 00:09:06.397000+00:00,2021-01-26 03:47:13.415000+00:00,0.0426408,0.04179564,250,21,19,,1 days 03:38:07.018000,True,58.730558
153,ETHH21,Short,2021-01-26 07:32:03.791000+00:00,2021-01-26 10:44:48.095000+00:00,0.04215,0.04160166666666667,-12,1,3,,0 days 03:12:44.304000,True,0.0
154,ETHH21,Long,2021-01-29 09:28:48.939000+00:00,2021-03-24 23:32:48.620000+00:00,0.03810114267269206,0.03768155907036798,935,342,420,,54 days 14:03:59.681000,True,2.394830000000006
155,ETHH21,Long,2021-03-25 10:56:12.955000+00:00,,0.0305996,,150,7,0,0.0,1941 days 11:15:02.602000,False,-136.128817
156,ETHH22,Long,2021-12-31 20:19:58.340000+00:00,2022-01-17 10:50:25.955000+00:00,0.07992448273076147,0.08012285275701879,36306000,173,98,,16 days 14:30:27.615000,True,11.749365000000001
157,ETHH22,Long,2022-03-01 13:57:22.036000+00:00,2022-03-04 16:04:17.494000+00:00,0.06788584007187781,0.06570255795148247,11130000,39,110,,3 days 02:06:55.458000,True,-1.747127
158,ETHH22,Long,2022-03-05 09:01:50.087000+00:00,2022-03-12 10:20:40.986000+00:00,0.06770139870223504,0.06592006669069934,5548000,39,13,,7 days 01:18:50.899000,True,-22.626943
159,ETHH22,Long,2022-03-17 12:16:41.496000+00:00,2022-03-21 20:14:22.063000+00:00,0.06839,0.0710716,300000,1,4,,4 days 07:57:40.567000,True,0.002051
160,ETHH23,Long,2023-02-01 14:53:14.510000+00:00,2023-02-13 10:33:33.849000+00:00,0.07027193584905661,0.07105412688679245,20700000,29,54,,11 days 19:40:19.339000,True,24.595852
161,ETHH23,Long,2023-02-16 03:47:05.464000+00:00,2023-02-22 18:19:09.259000+00:00,0.0688344923076923,0.06786584999999999,2200000,18,12,,6 days 14:32:03.795000,True,-0.10883100000000001
162,ETHH23,Short,2023-02-22 18:19:44.806000+00:00,2023-02-24 20:22:42.957000+00:00,0.06765655606060607,0.06973862700297628,-33000000,26,48,,2 days 02:02:58.151000,True,-10.571708000000001
163,ETHH23,Long,2023-02-24 20:22:42.957000+00:00,,0.06641583758863782,0.06669458232758621,18463000,80,124,,1240 days 01:48:32.600000,False,-50.449324000000004
164,ETHH24,Short,2024-01-12 13:59:36.205000+00:00,2024-02-19 06:04:50.184000+00:00,0.05981,0.05447,-1500000,22,10,,37 days 16:05:13.979000,True,9.379818999999996
165,ETHH24,Long,2024-03-19 08:55:31.231000+00:00,,0.05118,,200000,2,0,0.0,851 days 13:15:44.326000,False,-0.11804699999999996
166,ETHM20,Long,2020-05-29 00:07:56.507000+00:00,2020-05-30 13:14:47.341000+00:00,0.02324338888888889,0.024821638888888886,360,19,33,,1 days 13:06:50.834000,True,-1.016434
167,ETHM20,Long,2020-06-23 21:27:08.704000+00:00,2020-06-26 07:16:24.011000+00:00,0.025414601449275362,0.025105489130434783,552,25,9,,2 days 09:49:15.307000,True,-0.911462
168,ETHM21,Long,2021-03-26 23:49:14.441000+00:00,2021-04-07 07:05:36.639000+00:00,0.03136,0.035739545454545454,110,20,14,,11 days 07:16:22.198000,True,27.897520000000004
169,ETHM21,Long,2021-04-20 16:47:45.482000+00:00,2021-04-22 23:53:48.304000+00:00,0.04110407643312102,0.04420452229299363,157,84,38,,2 days 07:06:02.822000,True,34.755364
170,ETHM21,Long,2021-04-25 09:54:37.840000+00:00,2021-04-27 18:57:40.761000+00:00,0.04582,0.04842,33,3,3,,2 days 09:03:02.921000,True,0.03322
171,ETHM21,Short,2021-05-15 07:14:16.352000+00:00,2021-05-18 04:44:41.877000+00:00,0.08049285714285714,0.07754000000000001,-14,7,5,,2 days 21:30:25.525000,True,-0.068378
172,ETHM21,Long,2021-06-05 00:20:06.689000+00:00,2021-06-05 14:15:59.838000+00:00,0.073448,0.07301,5,3,1,,0 days 13:55:53.149000,True,0.00184
173,ETHM22,Long,2022-03-16 07:47:35.207000+00:00,2022-04-09 02:46:10.755000+00:00,0.06978819584171697,0.07549345070422536,8946000,46,123,,23 days 18:58:35.548000,True,21.272239
174,ETHM22,Long,2022-04-11 08:15:55.399000+00:00,2022-04-26 15:21:12.603000+00:00,0.07439222222222222,0.07424462800875273,586000,14,22,,15 days 07:05:17.204000,True,-0.142731
175,ETHM22,Short,2022-04-26 15:21:12.603000+00:00,2022-05-09 10:46:36.045000+00:00,0.07405,0.07215,-14000,1,1,,12 days 19:25:23.442000,True,0.019853
176,ETHM22,Long,2022-05-09 10:46:36.045000+00:00,,0.06022545454545455,0.05419,2186000,27,1,,1531 days 11:24:39.512000,False,-8.670543
177,ETHM23,Long,2023-03-23 15:38:09.675000+00:00,2023-04-21 18:13:06.927000+00:00,0.06508793530326594,0.06647557107309487,12431000,119,103,,29 days 02:34:57.252000,True,45.477968000000004
178,ETHM23,Short,2023-05-04 22:51:23.590000+00:00,,0.06555022413793103,0.06431194142093806,-2400000,43,85,,1170 days 23:19:51.967000,False,9.255982999999999
179,ETHM24,Long,2024-04-04 20:10:55.922000+00:00,,0.052526460095623395,0.054132789945246396,15096000,158,123,,835 days 02:00:19.635000,False,40.495735999999994
180,ETHU20,Long,2020-07-06 21:23:16.149000+00:00,2020-07-07 19:05:26.535000+00:00,0.02583,0.02591,300,14,3,,0 days 21:42:10.386000,True,0.10461
181,ETHU20,Long,2020-07-13 08:10:52.110000+00:00,2020-07-15 18:10:02.383000+00:00,0.026445000000000003,0.026120000000000004,222,10,3,,2 days 09:59:10.273000,True,-1.249539
182,ETHU20,Long,2020-07-21 20:13:35.083000+00:00,2020-07-25 11:06:45.036000+00:00,0.0263025,0.029675,132,5,11,,3 days 14:53:09.953000,True,-0.547299
183,ETHU20,Long,2020-07-30 19:01:53.882000+00:00,2020-08-01 07:24:27.005000+00:00,0.03022,0.03085090909090909,132,8,18,,1 days 12:22:33.123000,True,-0.359015
184,ETHU20,Long,2020-08-03 11:10:07.624000+00:00,2020-08-04 03:50:21.798000+00:00,0.03466,0.034686212121212125,132,9,10,,0 days 16:40:14.174000,True,-1.029398
185,ETHU20,Long,2020-08-08 10:29:55.747000+00:00,2020-08-09 05:49:49.745000+00:00,0.033192599999999996,0.03400325,200,14,20,,0 days 19:19:53.998000,True,-1.493661
186,ETHU20,Long,2020-08-12 19:50:24.626000+00:00,2020-08-13 09:13:42.644000+00:00,0.033727951807228915,0.03397701807228916,332,50,26,,0 days 13:23:18.018000,True,0.0
187,ETHU20,Long,2020-08-13 20:22:12.680000+00:00,2020-08-13 20:55:18.660000+00:00,0.03460896551724138,0.03558172413793104,58,7,3,,0 days 00:33:05.980000,True,0.0
188,ETHU20,Long,2020-08-19 18:18:45.696000+00:00,2020-08-20 19:34:39.661000+00:00,0.03459,0.0352,52,6,4,,1 days 01:15:53.965000,True,0.080937
189,ETHU21,Long,2021-06-24 16:01:32.517000+00:00,2021-06-26 07:39:21.227000+00:00,0.05766975490196079,0.05625541666666667,408,188,75,,1 days 15:37:48.710000,True,-18.099037
190,ETHU21,Long,2021-06-27 02:53:44.469000+00:00,2021-07-02 20:20:35.132000+00:00,0.0574118407960199,0.05969975124378109,111,83,81,,5 days 17:26:50.663000,True,27.826148
191,ETHU21,Long,2021-07-12 16:44:40.454000+00:00,2021-07-15 08:42:13.724000+00:00,0.059206153846153846,0.05994,26,8,2,,2 days 15:57:33.270000,True,0.038481
192,ETHU21,Long,2021-07-28 03:33:54.036000+00:00,2021-07-30 09:00:43.186000+00:00,0.0573,0.06032,22,15,4,,2 days 05:26:49.150000,True,0.031508
193,ETHU21,Long,2021-07-31 10:54:03.631000+00:00,2021-08-02 15:13:47.175000+00:00,0.05886500000000001,0.06394999999999999,44,2,18,,2 days 04:19:43.544000,True,7.102441000000001
194,ETHU22,Long,2022-06-24 19:44:49.420000+00:00,2022-08-15 09:01:06.226000+00:00,0.0573325,0.06903661728395062,800000,16,17,,51 days 13:16:16.806000,True,9.075747999999999
195,ETHU22,Short,2022-08-15 09:01:06.226000+00:00,2022-09-17 08:34:43.983000+00:00,0.0804585,0.07326947368421054,-140000,12,3,,32 days 23:33:37.757000,True,0.307969
196,ETHU23,Short,2023-08-04 01:20:15.739000+00:00,,0.062241625969548985,0.061855733333333336,-6424000,125,54,,1079 days 20:50:59.818000,False,4.808098000000003
197,ETHU24,Long,2024-06-20 07:23:01.168000+00:00,,0.05458871428571429,0.046997399999999995,13000000,79,77,,758 days 14:48:14.389000,False,-170.066091
198,ETHUSD,Long,2020-06-01 22:24:28.491000+00:00,2020-06-02 14:49:16.883000+00:00,242.37705993567678,236.37952867315383,89766,39,9,,0 days 16:24:48.392000,True,2.800811
199,ETHUSD,Long,2020-06-02 21:36:29.080000+00:00,2020-06-04 09:04:08.607000+00:00,236.6223974763407,244.6382541685444,55475,20,34,,1 days 11:27:39.527000,True,-63.128675
200,ETHUSD,Long,2020-06-24 04:53:41.953000+00:00,2020-06-27 00:24:05.593000+00:00,237.3206823068653,229.6708428044847,102665,32,30,,2 days 19:30:23.640000,True,-22.487455
201,ETHUSD,Long,2020-07-22 19:01:45.647000+00:00,2020-07-23 04:26:14.408000+00:00,245.06286307053944,264.0,241,5,1,,0 days 09:24:28.761000,True,0.0
202,ETHUSD,Short,2020-08-06 21:51:47.054000+00:00,2020-08-07 14:39:16.920000+00:00,396.275,385.0,-35552,7,7,,0 days 16:47:29.866000,True,1.290642
203,ETHUSD,Short,2020-08-09 00:03:50.626000+00:00,2020-08-09 08:02:17.339000+00:00,399.40000000000003,396.75,-8888,7,1,,0 days 07:58:26.713000,True,0.0
204,ETHUSD,Short,2020-08-11 07:35:32.876000+00:00,2020-08-12 03:21:52.416000+00:00,390.1166666666667,378.3775902590259,-19998,36,4,,0 days 19:46:19.540000,True,-0.11608
205,ETHUSD,Long,2020-08-22 00:52:08.030000+00:00,2020-08-22 11:32:18.511000+00:00,381.3,389.8,2222,3,1,,0 days 10:40:10.481000,True,0.0
206,ETHUSD,Short,2020-08-25 04:01:26.096000+00:00,2020-08-25 17:33:01.087000+00:00,401.36,377.06666666666666,-9440,20,6,,0 days 13:31:34.991000,True,-0.255736
207,ETHUSD,Long,2020-08-25 17:33:01.087000+00:00,2020-08-26 22:19:23.526000+00:00,375.0,387.2,559,1,1,,1 days 04:46:22.439000,True,22.940875
208,ETHUSD,Long,2020-08-27 05:29:51.357000+00:00,2020-08-30 04:40:17.394000+00:00,395.67589890568,403.85,21109,20,2,,2 days 23:10:26.037000,True,0.4502529999999999
209,ETHUSD,Long,2020-08-30 19:11:01.300000+00:00,2020-09-01 14:13:20.982000+00:00,424.0454194792671,468.26255223400835,21777,34,6,,1 days 19:02:19.682000,True,69.898709
210,ETHUSD,Long,2020-09-02 11:22:42.072000+00:00,2020-09-02 11:46:06.914000+00:00,424.62887048870493,437.15764377643774,55555,9,19,,0 days 00:23:24.842000,True,0.0
211,ETHUSD,Long,2020-09-02 14:20:48.543000+00:00,2020-09-03 10:58:13.197000+00:00,429.78562421486157,429.06215195509407,53999,35,48,,0 days 20:37:24.654000,True,0.0
212,ETHUSD,Short,2020-09-03 11:34:55.736000+00:00,2020-09-03 12:32:54.652000+00:00,424.7333333333333,409.7459945994599,-6666,12,5,,0 days 00:57:58.916000,True,-6.535228
213,ETHUSD,Long,2020-09-03 17:00:22.727000+00:00,2020-09-03 17:15:13.513000+00:00,395.69110950391087,401.31624075859855,18666,26,26,,0 days 00:14:50.786000,True,0.0
214,ETHUSD,Long,2020-09-03 23:01:50.357000+00:00,2020-09-04 06:40:17.405000+00:00,380.53151531434713,385.77777404621173,44664,28,14,,0 days 07:38:27.048000,True,0.0
215,ETHUSD,Long,2020-09-04 07:39:52.551000+00:00,2020-09-04 10:08:06.663000+00:00,379.41221932733305,397.83179062055893,21110,13,27,,0 days 02:28:14.112000,True,0.0
216,ETHUSD,Long,2020-09-04 14:50:51.578000+00:00,2020-09-04 16:04:49.353000+00:00,369.93707158610005,382.0252071288073,33554,26,13,,0 days 01:13:57.775000,True,0.0
217,ETHUSD,Long,2020-09-04 22:53:32.164000+00:00,2020-09-05 11:23:23.686000+00:00,367.29941690962096,352.90446386195674,58996,53,17,,0 days 12:29:51.522000,True,0.0
218,ETHUSD,Long,2020-09-05 11:31:55.783000+00:00,2020-09-05 11:49:34.424000+00:00,357.33928174570104,352.0505687973998,71994,29,15,,0 days 00:17:38.641000,True,0.0
219,ETHUSD,Long,2020-09-05 12:46:52.820000+00:00,2020-09-05 13:24:00.159000+00:00,340.58078307830783,351.01431143114314,1111,6,3,,0 days 00:37:07.339000,True,0.0
220,ETHUSD,Long,2020-09-05 16:43:53.861000+00:00,2020-09-05 17:09:19.127000+00:00,342.6166666666666,351.5879537953795,3333,5,5,,0 days 00:25:25.266000,True,0.0
221,ETHUSD,Long,2020-09-05 17:19:49.445000+00:00,2020-09-06 12:24:24.759000+00:00,323.2777086976232,332.8705329965676,77550,121,132,,0 days 19:04:35.314000,True,110.848878
222,ETHUSD,Long,2020-09-06 14:21:22.866000+00:00,2020-09-07 10:19:37.482000+00:00,343.6259419480882,342.54999999999995,14332,10,3,,0 days 19:58:14.616000,True,0.0
223,ETHUSD,Long,2020-09-07 21:30:42.905000+00:00,2020-09-08 09:44:37.699000+00:00,344.9,340.65,4888,8,2,,0 days 12:13:54.794000,True,0.0
224,ETHUSD,Long,2020-09-08 09:56:24.433000+00:00,2020-09-08 10:34:04.987000+00:00,336.7,334.55,4444,4,5,,0 days 00:37:40.554000,True,0.0
225,ETHUSD,Short,2020-09-08 12:13:24.424000+00:00,2020-09-08 14:13:20.956000+00:00,335.57788768048005,340.45081333208327,-21332,11,12,,0 days 01:59:56.532000,True,0.0
226,ETHUSD,Long,2020-09-08 14:13:29.352000+00:00,2020-09-08 21:12:08.572000+00:00,341.27233591802826,334.0501107726392,36110,20,10,,0 days 06:58:39.220000,True,0.0
227,ETHUSD,Short,2020-09-08 21:12:50.124000+00:00,2020-09-09 08:04:27.856000+00:00,340.05879774577335,341.78094082654974,-11554,14,6,,0 days 10:51:37.732000,True,0.0
228,ETHUSD,Short,2020-09-09 09:18:44.326000+00:00,2020-09-09 11:12:48.081000+00:00,344.95,348.25,-2222,6,1,,0 days 01:54:03.755000,True,0.0
229,ETHUSD,Short,2020-09-10 05:05:59.369000+00:00,2020-09-12 15:47:35.299000+00:00,376.4534706331045,375.4419908466819,-13110,9,7,,2 days 10:41:35.930000,True,1.699227
230,ETHUSD,Long,2020-09-13 17:13:11.610000+00:00,2020-09-14 12:26:56.461000+00:00,369.1582610093218,368.9,12444,6,3,,0 days 19:13:44.851000,True,-0.043948
231,ETHUSD,Long,2020-09-14 13:05:19.996000+00:00,2020-09-14 16:13:48.678000+00:00,372.15,380.4054624844057,11222,8,6,,0 days 03:08:28.682000,True,0.0
232,ETHUSD,Long,2020-09-17 00:49:38.842000+00:00,2020-09-17 03:21:06.366000+00:00,380.4489021857383,379.13433389377906,40444,16,18,,0 days 02:31:27.524000,True,0.0
233,ETHUSD,Short,2020-09-21 09:40:19.003000+00:00,2020-09-21 11:54:20.027000+00:00,361.925802191352,352.1399016826453,-20444,9,18,,0 days 02:14:01.024000,True,0.0
234,ETHUSD,Long,2020-09-21 12:06:43.156000+00:00,2020-09-21 15:15:32.941000+00:00,336.6,337.2,7332,9,2,,0 days 03:08:49.785000,True,0.0
235,ETHUSD,Long,2020-09-23 11:48:18.255000+00:00,2020-09-23 18:58:09.669000+00:00,339.35,335.65,45666,20,10,,0 days 07:09:51.414000,True,-1.04602
236,ETHUSD,Long,2020-09-23 19:07:39.025000+00:00,2020-09-23 21:12:30.978000+00:00,322.35,324.20000000000005,9776,10,5,,0 days 02:04:51.953000,True,0.0
237,ETHUSD,Long,2020-09-23 21:22:48.750000+00:00,2020-09-24 03:59:18.352000+00:00,319.09278774023005,324.6,13997,15,2,,0 days 06:36:29.602000,True,0.0
238,ETHUSD,Short,2020-09-24 04:52:49.574000+00:00,2020-09-24 15:38:38.834000+00:00,324.0643992169226,331.88152522119395,-22666,10,26,,0 days 10:45:49.260000,True,-17.14948
239,ETHUSD,Short,2020-09-26 08:56:16.541000+00:00,2020-09-26 16:36:45.192000+00:00,349.43,353.69,-45999,43,26,,0 days 07:40:28.651000,True,-10.345316
240,ETHUSD,Short,2020-09-27 08:29:14.669000+00:00,2020-09-27 22:54:16.907000+00:00,354.3665446867058,354.26982190288743,-52331,36,48,,0 days 14:25:02.238000,True,-25.206066
241,ETHUSD,Short,2020-09-28 00:00:13.919000+00:00,2020-09-28 00:30:56.217000+00:00,358.70000000000005,359.6,-5333,3,7,,0 days 00:30:42.298000,True,0.0
242,ETHUSD,Long,2020-10-10 03:11:54.911000+00:00,2020-10-10 08:19:02.713000+00:00,378.15,375.3,5333,1,1,,0 days 05:07:07.802000,True,0.0
243,ETHUSD,Long,2020-10-10 09:21:33.875000+00:00,2020-10-11 12:28:15.691000+00:00,371.345876193975,372.40000000000003,10888,4,4,,1 days 03:06:41.816000,True,-2.6863159999999997
244,ETHUSD,Long,2020-10-12 10:42:42.612000+00:00,2020-10-12 16:32:06.757000+00:00,369.69396854955517,387.14402545003105,9666,3,15,,0 days 05:49:24.145000,True,0.799865
245,ETHUSD,Long,2020-10-12 18:40:37.210000+00:00,2020-10-14 12:00:24.651000+00:00,378.6259759304207,378.32629576254044,39552,37,42,,1 days 17:19:47.441000,True,13.633488
246,ETHUSD,Long,2020-10-14 13:44:21.508000+00:00,2020-10-14 15:54:06.404000+00:00,385.09492384381053,375.45,36110,12,6,,0 days 02:09:44.896000,True,0.0
247,ETHUSD,Long,2020-10-31 09:33:03.127000+00:00,2020-11-02 03:51:25.639000+00:00,399.2783664998169,401.831708860057,90101,39,45,,1 days 18:18:22.512000,True,-0.120537
248,ETHUSD,Long,2020-11-02 07:11:34.348000+00:00,2020-11-02 11:25:55.272000+00:00,397.8281409601634,383.2888741700715,31328,15,5,,0 days 04:14:20.924000,True,0.0
249,ETHUSD,Long,2020-11-04 16:10:27.259000+00:00,2020-11-04 18:15:29.257000+00:00,391.29703273082555,401.34856765999024,51175,12,53,,0 days 02:05:01.998000,True,0.0
250,ETHUSD,Long,2020-11-05 00:13:34.516000+00:00,2020-11-05 17:31:45.255000+00:00,404.4,410.2761445473251,3888,1,5,,0 days 17:18:10.739000,True,48.234457
251,ETHUSD,Long,2020-11-06 00:44:09.354000+00:00,2020-11-06 20:12:29.300000+00:00,429.45388576228476,440.2989710205796,59525,52,23,,0 days 19:28:19.946000,True,-1.09848
252,ETHUSD,Long,2020-11-06 21:14:45.390000+00:00,2020-11-07 03:59:17.980000+00:00,448.1,460.01860157480314,15875,13,10,,0 days 06:44:32.590000,True,0.0
253,ETHUSD,Long,2020-11-09 15:00:37.297000+00:00,2020-11-09 15:07:21.790000+00:00,444.55,442.95,3175,1,1,,0 days 00:06:44.493000,True,0.0
254,ETHUSD,Long,2020-11-10 04:52:33.838000+00:00,2020-11-11 09:34:27.874000+00:00,445.3456698240866,459.0,18475,23,3,,1 days 04:41:54.036000,True,-0.653832
255,ETHUSD,Long,2020-11-11 09:41:57.085000+00:00,2020-11-13 05:48:52.727000+00:00,456.0269435150561,460.46579055661914,55891,46,17,,1 days 20:06:55.642000,True,24.446101
256,ETHUSD,Long,2020-11-13 16:49:43.657000+00:00,2020-11-16 21:39:30.907000+00:00,459.1873510822117,457.4783057475446,43984,18,36,,3 days 04:49:47.250000,True,-19.250081
257,ETHUSD,Long,2020-11-17 09:04:29.201000+00:00,2020-11-17 09:46:16.847000+00:00,466.0,462.8964176417641,11110,8,13,,0 days 00:41:47.646000,True,0.0
258,ETHUSD,Long,2020-11-17 16:04:01.203000+00:00,2020-11-18 03:15:35.102000+00:00,476.22269194054275,483.22412382381015,31110,15,18,,0 days 11:11:33.899000,True,0.0
259,ETHUSD,Long,2020-11-18 05:35:03.493000+00:00,2020-11-18 06:25:14.936000+00:00,473.6,475.30420792079207,22220,12,26,,0 days 00:50:11.443000,True,0.0
260,ETHUSD,Short,2020-11-21 03:40:20.590000+00:00,2020-11-21 14:00:44.630000+00:00,511.7,524.2,-11110,5,1,,0 days 10:20:24.040000,True,-0.369879
261,ETHUSD,Long,2020-11-23 11:07:46.299000+00:00,2020-11-23 12:41:10.914000+00:00,591.3,594.4666666666667,10395,15,8,,0 days 01:33:24.615000,True,0.033891
262,ETHUSD,Long,2020-11-23 13:16:43.731000+00:00,2020-11-23 17:24:22.805000+00:00,584.7836247268186,598.132928504527,16015,15,9,,0 days 04:07:39.074000,True,0.0
263,ETHUSD,Short,2020-11-24 02:09:52.058000+00:00,2020-11-24 09:32:37.838000+00:00,617.1298713951676,612.961484801247,-12830,12,13,,0 days 07:22:45.780000,True,0.0
264,ETHUSD,Short,2020-11-24 21:23:49.881000+00:00,2020-11-25 04:02:10.239000+00:00,604.3529379157428,584.4805432372506,-13530,17,5,,0 days 06:38:20.358000,True,0.0
265,ETHUSD,Short,2020-11-25 14:18:48.595000+00:00,2020-11-25 22:22:50.285000+00:00,596.1,573.525,-7845,6,11,,0 days 08:04:01.690000,True,0.0
266,ETHUSD,Long,2020-11-25 22:22:50.285000+00:00,2020-11-26 02:04:14.700000+00:00,562.3438760268857,567.75,18705,10,3,,0 days 03:41:24.415000,True,0.0
267,ETHUSD,Long,2020-11-26 02:36:12.886000+00:00,2020-11-26 03:49:45.516000+00:00,516.1883928571428,525.9681584821428,44800,25,48,,0 days 01:13:32.630000,True,0.0
268,ETHUSD,Long,2020-11-26 04:00:49.469000+00:00,2020-11-26 11:28:08.409000+00:00,504.7007964028777,509.3000672473868,99000,107,157,,0 days 07:27:18.940000,True,0.0
269,ETHUSD,Short,2020-11-26 11:28:08.409000+00:00,2020-11-26 11:28:29.139000+00:00,515.1817704597325,515.4,-13000,18,1,,0 days 00:00:20.730000,True,0.0
270,ETHUSD,Long,2020-11-26 16:49:35.093000+00:00,2020-11-27 00:43:38.055000+00:00,487.8333333333333,520.3868927741506,27000,11,14,,0 days 07:54:02.962000,True,0.0
271,ETHUSD,Short,2020-11-27 00:43:38.055000+00:00,2020-11-27 01:03:54.053000+00:00,527.45,528.3525662855752,-4111,4,13,,0 days 00:20:15.998000,True,0.0
272,ETHUSD,Long,2020-11-27 03:19:40.806000+00:00,2020-11-27 07:52:16.297000+00:00,520.2,518.0,500,2,1,,0 days 04:32:35.491000,True,0.0
273,ETHUSD,Long,2020-11-27 08:04:08.511000+00:00,2020-11-27 15:02:54.203000+00:00,506.18333333333334,506.225,1500,3,4,,0 days 06:58:45.692000,True,87.932961
274,ETHUSD,Short,2020-11-27 15:02:54.203000+00:00,2020-11-28 10:49:48.277000+00:00,505.99840810419676,513.3166666666667,-4500,14,5,,0 days 19:46:54.074000,True,0.0
275,ETHUSD,Short,2020-11-30 06:07:46.226000+00:00,2020-11-30 14:51:47.370000+00:00,592.6018518518518,613.0278055555556,-27000,24,24,,0 days 08:44:01.144000,True,-0.130187
276,ETHUSD,Long,2020-12-01 11:51:40.587000+00:00,2020-12-28 03:13:40.500000+00:00,581.1548281587367,608.0451387057926,32000,237,198,,26 days 15:21:59.913000,True,206.49243100000004
277,ETHUSD,Long,2020-12-28 05:49:25.323000+00:00,2020-12-28 17:13:48.707000+00:00,710.275,737.0761666666667,600,6,7,,0 days 11:24:23.384000,True,88.515464
278,ETHUSD,Long,2020-12-28 20:38:48.493000+00:00,2021-01-01 17:29:57.761000+00:00,722.0787573964496,737.6893195266272,3380,24,4,,3 days 20:51:09.268000,True,4.143904
279,ETHUSD,Long,2021-01-01 18:45:19.360000+00:00,2021-01-01 19:47:15.688000+00:00,719.525,727.4,444,2,1,,0 days 01:01:56.328000,True,0.0
280,ETHUSD,Long,2021-01-02 12:55:37.126000+00:00,2021-01-02 19:57:55.800000+00:00,766.6975835682641,777.9977094240837,6666,30,27,,0 days 07:02:18.674000,True,0.0
281,ETHUSD,Long,2021-01-02 20:04:19.770000+00:00,2021-01-02 21:24:13.106000+00:00,771.11,769.9848275862068,2610,13,12,,0 days 01:19:53.336000,True,0.0
282,ETHUSD,Short,2021-01-03 16:06:56.366000+00:00,2021-01-04 05:55:04.441000+00:00,989.0622280497281,1005.6730539662358,-16544,145,175,,0 days 13:48:08.075000,True,0.0
283,ETHUSD,Short,2021-01-04 05:56:21.098000+00:00,2021-01-04 07:12:42.461000+00:00,1135.5506133359572,1119.8474761389355,-30489,89,27,,0 days 01:16:21.363000,True,0.0
284,ETHUSD,Long,2021-01-04 07:24:34.249000+00:00,2021-01-04 07:26:01.694000+00:00,1065.2,1077.7,2111,2,1,,0 days 00:01:27.445000,True,0.0
285,ETHUSD,Short,2021-01-05 05:25:56.383000+00:00,2021-01-05 19:40:08.219000+00:00,1046.080818496538,1088.4583803165183,-20220,63,78,,0 days 14:14:11.836000,True,0.029842
286,ETHUSD,Short,2021-01-06 18:29:09.414000+00:00,2021-01-06 19:04:41.610000+00:00,1192.7045570698467,1207.8957126632595,-7044,13,4,,0 days 00:35:32.196000,True,0.0
287,ETHUSD,Short,2021-01-06 19:48:56.047000+00:00,2021-01-06 20:03:46.621000+00:00,1182.530759657507,1169.44370436745,-22599,75,96,,0 days 00:14:50.574000,True,0.0
288,ETHUSD,Long,2021-01-06 20:04:03.596000+00:00,2021-01-06 20:17:31.535000+00:00,1140.3945582295044,1147.4590373783922,12555,92,112,,0 days 00:13:27.939000,True,0.0
289,ETHUSD,Short,2021-01-06 20:22:03.895000+00:00,2021-01-07 03:26:49.876000+00:00,1178.996873755476,1215.328005347898,-17577,58,7,,0 days 07:04:45.981000,True,0.0
290,ETHUSD,Long,2021-01-20 12:21:59.273000+00:00,2021-01-20 14:40:09.358000+00:00,1281.2883063063061,1303.7366666666667,2775,19,18,,0 days 02:18:10.085000,True,0.0
291,ETHUSD,Long,2021-01-20 16:00:38.834000+00:00,2021-01-21 00:28:26.740000+00:00,1256.55,1366.2850450450449,1110,2,10,,0 days 08:27:47.906000,True,0.0
292,ETHUSD,Long,2021-01-21 02:38:00.906000+00:00,2021-01-22 05:44:16.907000+00:00,1115.1667898442602,1129.687928984426,28260,204,209,,1 days 03:06:16.001000,True,17.760577
293,ETHUSD,Long,2021-01-22 07:41:10.176000+00:00,2021-01-24 12:12:21.594000+00:00,1192.9786610878662,1313.8604635621832,14101,87,37,,2 days 04:31:11.418000,True,71.055411
294,ETHUSD,Short,2021-01-24 12:12:21.594000+00:00,2021-01-24 12:12:26.692000+00:00,1334.25,1335.8,-115,1,1,,0 days 00:00:05.098000,True,0.0
295,ETHUSD,Long,2021-01-25 00:28:41.952000+00:00,2021-01-26 03:37:04.992000+00:00,1386.739428240932,1330.5584731058414,7659,49,65,,1 days 03:08:23.040000,True,144.994767
296,ETHUSD,Short,2021-01-26 04:54:56.856000+00:00,2021-01-26 10:46:41.540000+00:00,1348.6,1344.8259225922593,-1111,1,6,,0 days 05:51:44.684000,True,0.0
297,ETHUSD,Long,2021-01-26 10:58:14.210000+00:00,2021-01-26 10:58:17.979000+00:00,1336.05,1335.35,40,1,1,,0 days 00:00:03.769000,True,0.0
298,ETHUSD,Long,2021-01-26 14:39:03.593000+00:00,2021-01-27 16:01:21.588000+00:00,1232.5,1278.0983333333334,2220,14,22,,1 days 01:22:17.995000,True,-0.027342
299,ETHUSD,Long,2021-01-28 23:20:39.384000+00:00,2021-01-29 16:31:34.279000+00:00,1361.035698954511,1388.9091359135912,12221,84,66,,0 days 17:10:54.895000,True,7.572833
300,ETHUSD,Long,2021-01-29 18:46:59.199000+00:00,2021-01-31 17:48:40.163000+00:00,1337.9275868945867,1331.0567207977208,13329,77,97,,1 days 23:01:40.964000,True,19.87743
301,ETHUSD,Long,2021-02-02 05:40:32.953000+00:00,2021-02-04 06:01:30.977000+00:00,1478.681881260142,1592.708622908623,10206,82,51,,2 days 00:20:58.024000,True,97.061117
302,ETHUSD,Short,2021-02-04 06:04:43.657000+00:00,2021-02-04 06:07:22.935000+00:00,1660.0,1668.0266587677725,-422,1,6,,0 days 00:02:39.278000,True,0.0
303,ETHUSD,Long,2021-02-05 02:03:46.031000+00:00,2021-02-05 09:56:10.996000+00:00,1607.7083528352837,1655.9446624662467,5555,26,17,,0 days 07:52:24.965000,True,0.0
304,ETHUSD,Long,2021-02-06 16:06:53.844000+00:00,2021-02-22 14:37:10.716000+00:00,1643.4538703220192,1699.497050478677,23573,229,220,,15 days 22:30:16.872000,True,108.131756
305,ETHUSD,Long,2021-02-22 15:27:42.620000+00:00,2021-02-22 15:57:26.276000+00:00,1712.5447747747746,1734.0764864864866,555,8,7,,0 days 00:29:43.656000,True,0.0
306,ETHUSD,Long,2021-02-22 17:45:11.254000+00:00,2021-02-27 14:58:24.320000+00:00,1563.847482347341,1570.8809877679864,18708,214,307,,4 days 21:13:13.066000,True,142.576415
307,ETHUSD,Short,2021-02-27 14:58:24.320000+00:00,2021-02-27 14:58:35.930000+00:00,1473.5,1474.269306930693,-202,1,4,,0 days 00:00:11.610000,True,0.0
308,ETHUSD,Long,2021-02-27 19:51:15.283000+00:00,2021-03-02 00:13:54.807000+00:00,1382.3891735137747,1562.421791572853,6207,24,32,,2 days 04:22:39.524000,True,-18.475806
309,ETHUSD,Short,2021-03-02 00:13:54.807000+00:00,2021-03-02 07:15:00.831000+00:00,1589.3,1535.55,-11,1,1,,0 days 07:01:06.024000,True,0.0
310,ETHUSD,Long,2021-03-02 07:15:00.831000+00:00,2021-03-09 21:25:59.411000+00:00,1498.822532865118,1610.8000135196032,9984,52,73,,7 days 14:10:58.580000,True,214.565088
311,ETHUSD,Long,2021-03-10 02:03:15.229000+00:00,2021-03-26 21:46:22.644000+00:00,1729.975910498539,1717.3748982067052,13109,91,163,,16 days 19:43:07.415000,True,-23.533372
312,ETHUSD,Short,2021-03-26 21:46:22.644000+00:00,2021-03-27 19:49:35.053000+00:00,1700.0876574307306,1693.342627960275,-3927,46,24,,0 days 22:03:12.409000,True,-39.120048
313,ETHUSD,Short,2021-03-27 19:54:21.776000+00:00,2021-03-27 21:05:16.651000+00:00,1705.275,1728.2000000000003,-2222,22,11,,0 days 01:10:54.875000,True,0.0
314,ETHUSD,Long,2021-03-27 21:07:47.213000+00:00,2021-04-21 20:08:10.293000+00:00,2134.5580570547418,2377.7507547782334,8435,159,222,,24 days 23:00:23.080000,True,355.633456
315,ETHUSD,Long,2021-04-23 02:16:23.946000+00:00,2021-04-25 07:24:08.323000+00:00,2191.453125,2177.6800394144143,5328,62,44,,2 days 05:07:44.377000,True,-6.045770999999999
316,ETHUSD,Short,2021-04-25 07:31:38.267000+00:00,2021-04-25 07:40:17.656000+00:00,2181.0,2188.452414075286,-1222,11,10,,0 days 00:08:39.389000,True,0.0
317,ETHUSD,Short,2021-05-04 11:40:26.040000+00:00,2021-05-04 15:07:04.884000+00:00,3495.6934234234236,3368.103693693694,-555,13,8,,0 days 03:26:38.844000,True,0.016806
318,ETHUSD,Short,2021-05-06 15:21:09.192000+00:00,2021-05-06 17:56:11.807000+00:00,3586.6666666666665,3566.4,-999,23,3,,0 days 02:35:02.615000,True,0.0
319,ETHUSD,Short,2021-05-08 13:36:04.347000+00:00,2021-05-10 20:48:53.263000+00:00,3827.0421052631577,3829.938462146357,-5328,90,88,,2 days 07:12:48.916000,True,2.770771
320,ETHUSD,Long,2021-05-11 03:20:43.471000+00:00,2021-05-12 03:46:47.076000+00:00,3799.0,4326.0,333,4,1,,1 days 00:26:03.605000,True,2.74145
321,ETHUSD,Short,2021-05-12 03:46:47.076000+00:00,2021-05-13 00:02:05.455000+00:00,4330.62,3753.2666666666664,-777,10,2,,0 days 20:15:18.379000,True,17.449353
322,ETHUSD,Long,2021-05-13 00:02:05.455000+00:00,2021-05-13 10:52:10.380000+00:00,3677.6375000000003,3679.9359909909913,2220,13,8,,0 days 10:50:04.925000,True,0.0
323,ETHUSD,Short,2021-05-15 07:14:17.311000+00:00,2021-05-18 04:44:31.814000+00:00,3900.1748144220574,3505.200901378579,-943,21,18,,2 days 21:30:14.503000,True,2.860519
324,ETHUSD,Long,2021-05-19 04:53:36.240000+00:00,2021-05-19 13:40:37.506000+00:00,2336.9219037100256,2417.548079722878,19031,78,91,,0 days 08:47:01.266000,True,5.677882
325,ETHUSD,Long,2021-05-19 13:46:02.890000+00:00,2021-05-19 15:55:10.828000+00:00,2388.5,2713.889918991899,2222,5,24,,0 days 02:09:07.938000,True,0.0
326,ETHUSD,Long,2021-05-19 16:03:18.393000+00:00,2021-05-19 17:32:12.862000+00:00,2643.9249999999997,2850.488795045045,888,8,17,,0 days 01:28:54.469000,True,0.0
327,ETHUSD,Long,2021-05-19 18:44:33.604000+00:00,2021-05-20 15:52:56.757000+00:00,2333.7603235159468,2916.258881428353,13106,83,88,,0 days 21:08:23.153000,True,244.453525
328,ETHUSD,Long,2021-05-20 16:04:16.769000+00:00,2021-05-20 22:15:46.722000+00:00,2693.075154028436,2814.7351481042656,8440,56,137,,0 days 06:11:29.953000,True,0.0
329,ETHUSD,Short,2021-05-21 00:32:17.109000+00:00,2021-05-21 14:36:11.699000+00:00,2912.3727272727274,2549.080917874396,-1221,74,11,,0 days 14:03:54.590000,True,844.658347
330,ETHUSD,Long,2021-05-21 14:36:11.699000+00:00,2021-05-22 18:41:17.328000+00:00,2306.3816486893993,2402.3431164681965,15550,150,183,,1 days 04:05:05.629000,True,74.641482
331,ETHUSD,Long,2021-05-23 05:18:24.260000+00:00,2021-05-23 06:39:05.089000+00:00,2207.1,2198.640900900901,555,1,6,,0 days 01:20:40.829000,True,0.0
332,ETHUSD,Long,2021-05-23 07:52:07.247000+00:00,2021-05-23 10:49:47.707000+00:00,2101.825,2150.6505405405405,1110,5,11,,0 days 02:57:40.460000,True,0.0
333,ETHUSD,Long,2021-05-23 16:17:10.003000+00:00,2021-05-24 21:42:04.348000+00:00,2052.5401849217637,2625.125900900901,4218,39,77,,1 days 05:24:54.345000,True,-3.329002
334,ETHUSD,Long,2021-05-25 10:05:01.845000+00:00,2021-05-28 04:08:33.835000+00:00,2566.4261714056865,2698.1320184221063,2497,41,3,,2 days 18:03:31.990000,True,227.718126
335,ETHUSD,Long,2021-05-28 05:41:29.247000+00:00,2021-06-05 18:29:07.936000+00:00,2504.0103083853082,2698.0070339570343,2886,62,15,,8 days 12:47:38.689000,True,50.591422
336,ETHUSD,Short,2021-06-09 01:12:35.435000+00:00,2021-06-09 16:22:52.108000+00:00,2517.3315980081484,2580.429470348574,-2209,19,10,,0 days 15:10:16.673000,True,0.124772
337,ETHUSD,Short,2021-06-25 10:44:50.218000+00:00,2021-06-28 04:29:14.067000+00:00,1853.3649876165503,1924.5155850754936,-13728,119,68,,2 days 17:44:23.849000,True,14.077399
338,ETHUSD,Long,2021-06-28 04:29:14.067000+00:00,2021-07-03 12:43:15.154000+00:00,2079.9054344667247,2219.4429546366923,2491,19,7,,5 days 08:14:01.087000,True,-110.197306
339,ETHUSD,Short,2021-09-01 20:56:11.816000+00:00,2021-09-07 14:46:38.415000+00:00,3923.9128524046437,3874.4888888888886,-1809,56,19,,5 days 17:50:26.599000,True,10.692266
340,ETHUSD,Long,2021-09-07 14:46:38.415000+00:00,2021-09-16 23:03:30.115000+00:00,3263.958934432486,3448.7181894704618,6852,132,172,,9 days 08:16:51.700000,True,213.92227100000002
341,ETHUSD,Long,2021-09-17 08:02:22.331000+00:00,2021-09-26 09:46:51.963000+00:00,3027.1820045021464,2987.383723910655,8421,115,268,,9 days 01:44:29.632000,True,-68.63118399999999
342,ETHUSD,Short,2021-09-26 09:46:51.963000+00:00,2021-09-26 15:52:58.560000+00:00,2996.1400000000003,3049.5053085143054,-2901,28,19,,0 days 06:06:06.597000,True,-6.003256
343,ETHUSD,Long,2021-09-26 20:27:37.634000+00:00,2021-10-09 19:57:27.854000+00:00,3146.081250712575,3442.792235776992,5772,105,164,,12 days 23:29:50.220000,True,225.442922
344,ETHUSD,Long,2021-10-10 23:39:01.679000+00:00,2021-10-11 10:27:27.448000+00:00,3407.4249999999997,3587.4402027027027,444,6,8,,0 days 10:48:25.769000,True,0.0
345,ETHUSD,Long,2021-10-12 03:10:32.837000+00:00,2021-10-12 23:55:05.373000+00:00,3417.7499999999995,3491.142292292292,999,8,13,,0 days 20:44:32.536000,True,-0.034593
346,ETHUSD,Long,2021-10-13 05:43:46.628000+00:00,2021-10-15 01:10:15.954000+00:00,3444.0,3766.4202702702705,999,10,12,,1 days 19:26:29.326000,True,6.451986
347,ETHUSD,Long,2021-10-15 16:59:47.871000+00:00,2021-10-16 20:04:30.195000+00:00,3855.519229807452,3837.9554138534636,3999,24,22,,1 days 03:04:42.324000,True,-1.627366
348,ETHUSD,Long,2021-10-17 20:01:23.169000+00:00,2021-11-06 19:14:36.701000+00:00,3977.1165015015013,4404.980503003003,5217,107,234,,19 days 23:13:13.532000,True,211.1825
349,ETHUSD,Long,2021-11-10 20:50:36.548000+00:00,2021-12-01 21:04:32.858000+00:00,4208.997877701671,4241.114424885545,14917,623,573,,21 days 00:13:56.310000,True,-160.95105699999996
350,ETHUSD,Long,2021-12-01 22:32:44.123000+00:00,2021-12-03 15:50:04.808000+00:00,4574.15005299417,4498.215527291997,1887,33,25,,1 days 17:17:20.685000,True,160.213122
351,ETHUSD,Long,2021-12-03 15:55:24.330000+00:00,2021-12-03 16:38:19.078000+00:00,4393.514584543869,4396.132253848388,3442,17,72,,0 days 00:42:54.748000,True,0.0
352,ETHUSD,Short,2021-12-03 16:38:19.078000+00:00,2021-12-03 16:38:44.857000+00:00,4397.45,4413.0,-1,1,1,,0 days 00:00:25.779000,True,0.0
353,ETHUSD,Long,2021-12-03 16:42:12.996000+00:00,2021-12-04 06:30:52.752000+00:00,4128.4892656820875,4004.4169505480363,11108,202,319,,0 days 13:48:39.756000,True,0.0
354,ETHUSD,Long,2021-12-04 07:08:14.998000+00:00,2021-12-04 08:44:06.085000+00:00,3855.5064456721916,3954.1721301411912,1629,9,41,,0 days 01:35:51.087000,True,0.0
355,ETHUSD,Long,2021-12-04 10:42:01.458000+00:00,2021-12-04 12:44:32.675000+00:00,3887.1000000000004,3933.3425675675676,666,13,15,,0 days 02:02:31.217000,True,-243.23537
356,ETHUSD,Long,2021-12-04 21:44:44.977000+00:00,2021-12-05 02:51:50.039000+00:00,4066.0,4100.041741741741,333,10,18,,0 days 05:07:05.062000,True,0.0
357,ETHUSD,Long,2021-12-06 08:24:43.743000+00:00,2021-12-06 12:54:53.100000+00:00,3988.5,4065.4005255255256,666,19,13,,0 days 04:30:09.357000,True,0.026553
358,ETHUSD,Long,2021-12-08 15:08:42.142000+00:00,2021-12-10 17:36:48.148000+00:00,4157.444066455697,4028.769340311587,7217,157,213,,2 days 02:28:06.006000,True,-3.1003800000000004
359,ETHUSD,Short,2021-12-13 12:37:57.387000+00:00,2021-12-13 19:45:56.030000+00:00,3985.104545454545,3705.3569169960474,-253,19,8,,0 days 07:07:58.643000,True,0.0
360,ETHUSD,Short,2021-12-14 00:05:17.415000+00:00,2021-12-15 20:29:59.311000+00:00,3917.4829230769233,3955.429641025641,-642,22,31,,1 days 20:24:41.896000,True,8.166249
361,ETHUSD,Long,2021-12-16 07:51:51.969000+00:00,2021-12-18 10:23:08.358000+00:00,3979.31375127421,3946.4119469928646,4905,77,119,,2 days 02:31:16.389000,True,-5.735995000000001
362,ETHUSD,Long,2021-12-19 01:27:27.334000+00:00,2021-12-21 00:00:49.516000+00:00,3879.149334140436,3906.5426755447943,2478,39,39,,1 days 22:33:22.182000,True,-0.352862
363,ETHUSD,Long,2021-12-24 01:36:08.957000+00:00,2021-12-29 11:22:11.707000+00:00,3929.3407932011332,3789.166699493528,3419,61,117,,5 days 09:46:02.750000,True,-1.413443
364,ETHUSD,Short,2021-12-29 11:22:11.707000+00:00,2021-12-30 04:16:50.872000+00:00,3763.8184300927514,3685.841638545182,-2667,111,80,,0 days 16:54:39.165000,True,-51.218225
365,ETHUSD,Long,2021-12-30 04:24:16.236000+00:00,2021-12-30 07:59:06.163000+00:00,3673.5999999999995,3711.8423076923073,26,1,2,,0 days 03:34:49.927000,True,0.0
366,ETHUSD,Long,2022-01-03 23:39:16.433000+00:00,2022-01-05 11:52:48.397000+00:00,3756.65,3796.8740540540543,1110,23,23,,1 days 12:13:31.964000,True,-0.109202
367,ETHUSD,Long,2022-01-05 19:15:09.217000+00:00,2022-01-07 15:14:34.107000+00:00,3410.35,3249.8462712712712,1554,18,45,,1 days 19:59:24.890000,True,-4.077606
368,ETHUSD,Long,2022-01-07 15:51:41.562000+00:00,2022-01-07 16:10:20.381000+00:00,3081.0,3138.451351351351,333,5,4,,0 days 00:18:38.819000,True,0.0
369,ETHUSD,Long,2022-01-08 18:10:36.119000+00:00,2022-01-09 08:29:29.717000+00:00,3051.5955455455455,3109.169219219219,999,21,16,,0 days 14:18:53.598000,True,0.0
370,ETHUSD,Long,2022-01-10 12:43:19.740000+00:00,2022-01-10 14:07:37.860000+00:00,3068.25,3017.6820945945947,444,5,19,,0 days 01:24:18.120000,True,0.0
371,ETHUSD,Long,2022-01-12 03:41:23.570000+00:00,2022-01-12 20:30:00.800000+00:00,3240.435516178736,3374.52592449923,1298,85,42,,0 days 16:48:37.230000,True,-0.151141
372,ETHUSD,Short,2022-01-12 21:24:52.729000+00:00,2022-01-14 18:56:53.237000+00:00,3411.0,3292.15,-55,1,2,,1 days 21:32:00.508000,True,17.10695
373,ETHUSD,Short,2022-01-18 14:50:19.791000+00:00,2022-01-20 16:02:37.197000+00:00,3134.5457792207794,3269.466103896104,-770,35,16,,2 days 01:12:17.406000,True,0.23696099999999998
374,ETHUSD,Long,2022-01-25 02:48:44.152000+00:00,2022-01-26 14:45:13.511000+00:00,2410.310606060606,2633.85,330,11,8,,1 days 11:56:29.359000,True,-0.060818
375,ETHUSD,Long,2022-01-26 22:40:13.956000+00:00,2022-01-28 15:27:54.855000+00:00,2416.1924985738733,2425.688362806617,10518,177,96,,1 days 16:47:40.899000,True,12.707066999999999
376,ETHUSD,Short,2022-01-30 04:15:42.500000+00:00,2022-01-31 17:52:57.912000+00:00,2631.95,2686.8415165165165,-666,13,13,,1 days 13:37:15.412000,True,0.10807199999999999
377,ETHUSD,Long,2022-02-03 04:02:30.001000+00:00,2022-02-03 16:34:08.359000+00:00,2660.9432735426008,2637.836995515695,223,5,11,,0 days 12:31:38.358000,True,0.005774
378,ETHUSD,Long,2022-03-01 13:57:58.637000+00:00,2022-03-04 14:49:27.795000+00:00,2852.2699892990904,2759.9336864633497,9345,268,194,,3 days 00:51:29.158000,True,-9.140278
379,ETHUSD,Long,2022-03-28 00:33:42.827000+00:00,2022-03-28 13:25:19.826000+00:00,3305.1741617356997,3325.7467126890206,1521,18,31,,0 days 12:51:36.999000,True,0.96585
380,ETHUSD,Long,2022-03-31 16:26:33.266000+00:00,2022-04-05 01:16:03.309000+00:00,3254.314834710744,3460.1810743801652,1210,31,43,,4 days 08:49:30.043000,True,22.44943
381,ETHUSD,Long,2022-04-06 15:32:48.903000+00:00,2022-04-07 09:53:39.837000+00:00,3197.8572302558396,3222.003420467186,3174,44,61,,0 days 18:20:50.934000,True,0.0
382,ETHUSD,Short,2022-04-07 09:53:42.215000+00:00,2022-04-07 10:04:52.494000+00:00,3220.0,3229.273076923077,-104,5,3,,0 days 00:11:10.279000,True,0.0
383,ETHUSD,Long,2022-04-07 14:40:16.081000+00:00,2022-04-07 16:59:11.423000+00:00,3180.8,3214.15825,400,6,11,,0 days 02:18:55.342000,True,0.0
384,ETHUSD,Short,2022-04-11 09:36:15.567000+00:00,2022-04-11 12:43:55.106000+00:00,3121.35,3063.86,-100,1,3,,0 days 03:07:39.539000,True,0.003121
385,ETHUSD,Short,2022-04-14 05:54:31.435000+00:00,2022-04-15 05:45:21.269000+00:00,3112.057142857143,3026.339928571429,-700,36,20,,0 days 23:50:49.834000,True,0.015798
386,ETHUSD,Short,2022-04-19 14:05:31.346000+00:00,2022-04-20 11:41:14.902000+00:00,3127.05,3138.65,-200,4,2,,0 days 21:35:43.556000,True,0.0
387,ETHUSD,Short,2022-04-25 01:54:41.404000+00:00,2022-04-25 11:48:30.563000+00:00,2862.7883333333334,2859.126533333333,-1500,35,20,,0 days 09:53:49.159000,True,0.0
388,ETHUSD,Long,2022-04-29 01:30:04.520000+00:00,2022-04-29 03:39:15.912000+00:00,2937.355,2914.1075,1400,34,34,,0 days 02:09:11.392000,True,0.0
389,ETHUSD,Short,2022-04-29 03:39:29.470000+00:00,2022-05-01 12:25:39.627000+00:00,2924.25,2769.2865853658536,-82,3,6,,2 days 08:46:10.157000,True,-3.298238
390,ETHUSD,Short,2022-05-02 10:58:41.936000+00:00,2022-05-04 10:27:29.869000+00:00,2832.32075,2859.714222222222,-1800,46,38,,1 days 23:28:47.933000,True,1.353415
391,ETHUSD,Short,2022-05-04 11:27:04.079000+00:00,2022-05-04 19:08:29.096000+00:00,2914.0,2963.2316,-1000,11,15,,0 days 07:41:25.017000,True,-4.949198
392,ETHUSD,Short,2022-05-07 07:02:59.989000+00:00,2022-05-07 22:09:15.178000+00:00,2685.307142857143,2634.3492857142855,-700,24,16,,0 days 15:06:15.189000,True,-0.009262
393,ETHUSD,Short,2022-05-18 13:00:31.502000+00:00,2022-05-18 16:25:12.725000+00:00,1995.0901250000002,1952.2665,-800,21,9,,0 days 03:24:41.223000,True,0.0
394,ETHUSD,Short,2022-05-19 15:22:53.596000+00:00,2022-05-20 14:27:33.755000+00:00,2020.3333333333333,2010.1009583333332,-1200,23,9,,0 days 23:04:40.159000,True,0.414755
395,ETHUSD,Long,2022-06-07 14:47:31.341000+00:00,2022-06-11 12:20:30.246000+00:00,1780.332578125,1674.610078125,3200,49,50,,3 days 21:32:58.905000,True,-10.784934
396,ETHUSD,Long,2022-06-24 19:44:09.449000+00:00,2022-07-07 22:59:26.954000+00:00,1204.1989420423183,1233.0861545538178,1087,9,5,,13 days 03:15:17.505000,True,-0.9637340000000001
397,ETHUSD,Long,2022-07-16 16:11:19.570000+00:00,2022-08-13 08:55:50.866000+00:00,1338.0667375886526,1484.3663120567376,1410,18,17,,27 days 16:44:31.296000,True,18.395228999999997
398,ETHUSD,Long,2022-10-31 10:02:04.043000+00:00,2022-10-31 15:45:59.746000+00:00,1623.2,1569.093918918919,222,2,2,,0 days 05:43:55.703000,True,0.003602
399,ETHUSD,Long,2022-10-31 22:03:50.382000+00:00,2022-11-01 03:34:09.302000+00:00,1561.773441108545,1585.3048498845264,433,6,16,,0 days 05:30:18.920000,True,0.0
400,ETHUSD,Long,2022-11-01 18:32:28.147000+00:00,2022-11-02 20:10:49.410000+00:00,1568.6493620606645,1552.8912734713529,3110,39,62,,1 days 01:38:21.263000,True,-0.094654
401,ETHUSD,Long,2022-11-02 20:13:50.429000+00:00,2022-11-03 03:36:56.773000+00:00,1518.6324877250408,1552.6428396072013,1222,10,13,,0 days 07:23:06.344000,True,0.0
402,ETHUSD,Long,2022-11-03 20:34:09.587000+00:00,2022-11-03 21:31:48.871000+00:00,1541.2469117647058,1541.011911764706,340,4,6,,0 days 00:57:39.284000,True,0.0
403,ETHUSD,Long,2022-11-04 05:31:28.977000+00:00,2022-11-08 19:21:41.295000+00:00,1556.7534180052296,1410.919929025028,2677,30,47,,4 days 13:50:12.318000,True,-0.14086600000000005
404,ETHUSD,Short,2022-11-17 13:02:41.466000+00:00,2022-11-17 17:04:07.346000+00:00,1205.325985915493,1217.0799647887325,-1420,17,5,,0 days 04:01:25.880000,True,0.0
405,ETHUSD,Short,2022-11-20 13:08:47.334000+00:00,2022-11-21 05:25:15.947000+00:00,1159.8275905797102,1132.9558152173913,-2760,24,17,,0 days 16:16:28.613000,True,0.0
406,ETHUSD,Short,2022-11-21 06:04:13.203000+00:00,2022-11-21 07:45:16.864000+00:00,1136.0,1121.2006944444445,-144,1,2,,0 days 01:41:03.661000,True,0.0
407,ETHUSD,Short,2022-11-21 10:22:36.445000+00:00,2022-11-21 13:13:58.662000+00:00,1125.29609375,1134.1124565972223,-1152,16,6,,0 days 02:51:22.217000,True,7.399083
408,ETHUSD,Short,2022-11-21 16:32:37.706000+00:00,2022-11-23 09:07:33.125000+00:00,1104.8835660315374,1145.196632720105,-6088,38,36,,1 days 16:34:55.419000,True,-1.206454
409,ETHUSD,Long,2022-11-27 21:40:01.463000+00:00,2022-11-29 06:49:27.670000+00:00,1186.0411184210527,1190.776473112128,3496,21,19,,1 days 09:09:26.207000,True,-0.014419
410,ETHUSD,Long,2022-11-29 08:40:31.280000+00:00,2022-12-07 06:52:29.311000+00:00,1247.818096069869,1269.3139883551673,7905,102,82,,7 days 22:11:58.031000,True,36.72217499999999
411,ETHUSD,Long,2022-12-07 07:12:48.210000+00:00,2022-12-12 00:04:12.432000+00:00,1228.2166666666667,1256.535529187125,3666,7,32,,4 days 16:51:24.222000,True,4.093051999999999
412,ETHUSD,Long,2023-02-15 14:34:36.330000+00:00,2023-02-16 07:03:33.690000+00:00,1577.9583333333333,1687.346584084084,1332,6,15,,0 days 16:28:57.360000,True,0.0
413,ETHUSD,Long,2023-03-22 20:43:26.613000+00:00,2023-03-26 04:30:20.487000+00:00,1736.4602659245515,1732.8363095238096,4246,66,40,,3 days 07:46:53.874000,True,-0.542387
414,ETHUSD,Long,2023-03-27 15:00:20.096000+00:00,2023-03-30 01:29:23.428000+00:00,1696.316990291262,1788.769249201278,3090,16,30,,2 days 10:29:03.332000,True,-1.5208119999999998
415,ETHUSD,Short,2023-03-30 01:29:23.428000+00:00,2023-03-30 02:23:55.552000+00:00,1793.55,1810.5,-350,3,1,,0 days 00:54:32.124000,True,0.0
416,ETHUSD,Long,2023-04-20 17:07:08.253000+00:00,2023-04-20 17:29:20.720000+00:00,1942.3988299883001,1947.8369993699935,11111,73,96,,0 days 00:22:12.467000,True,0.0
417,ETHUSD,Short,2023-04-20 17:32:14.650000+00:00,2023-04-20 17:37:33.933000+00:00,1949.6500000000003,1947.7545045045044,-333,1,4,,0 days 00:05:19.283000,True,0.0
418,ETHUSD,Long,2023-04-24 17:02:17.047000+00:00,2023-04-24 23:59:22.159000+00:00,1811.0,1842.5202702702702,333,6,2,,0 days 06:57:05.112000,True,0.0
419,ETHUSD,Long,2023-05-12 02:56:24.897000+00:00,2023-05-12 05:45:55.950000+00:00,1766.0,1765.1936186186185,666,1,12,,0 days 02:49:31.053000,True,0.0
420,ETHUSD,Long,2023-06-14 20:05:05.838000+00:00,2023-06-18 01:37:56.688000+00:00,1682.8655036578502,1686.3248207391064,1777,11,16,,3 days 05:32:50.850000,True,3.3019869999999996
421,ETHUSD,Short,2023-06-18 01:37:56.688000+00:00,2023-06-18 02:29:08.255000+00:00,1725.55,1727.3999999999999,-798,6,6,,0 days 00:51:11.567000,True,0.0
422,ETHUSD,Short,2023-07-24 20:14:29.616000+00:00,2023-08-14 14:42:32.353000+00:00,1860.3355518112887,1859.1027289187791,-2021,52,32,,20 days 18:28:02.737000,True,13.209793000000001
423,ETHUSD,Long,2023-08-14 14:42:32.353000+00:00,2023-08-14 19:19:35.512000+00:00,1852.142208857299,1839.9,1777,10,7,,0 days 04:37:03.159000,True,0.0
424,ETHUSD,Short,2023-08-16 06:05:02.733000+00:00,2023-10-16 14:59:33.939000+00:00,1643.7757061551436,1602.6576763631253,-1330,239,147,,61 days 08:54:31.206000,True,134.096085
425,ETHUSD,Short,2023-10-16 17:25:31.912000+00:00,2023-10-17 15:20:42.489000+00:00,1594.4015442404007,1576.4403171953256,-1198,25,7,,0 days 21:55:10.577000,True,-1.642823
426,ETHUSD,Short,2023-10-20 08:41:02.332000+00:00,2023-10-20 22:11:36.828000+00:00,1617.452795031056,1610.437525879917,-966,6,17,,0 days 13:30:34.496000,True,0.763076
427,ETHUSD,Short,2024-01-14 19:19:47.442000+00:00,2024-01-23 16:34:38.453000+00:00,2533.034763948498,2415.965522174535,-1398,32,25,,8 days 21:14:51.011000,True,18.653666
428,ETHUSD,Short,2024-01-28 11:55:35.380000+00:00,2024-02-19 06:04:42.107000+00:00,2559.6564831261103,2908.12190053286,-2815,74,55,,21 days 18:09:06.727000,True,19.925438
429,ETHUSD,Short,2024-02-19 08:17:26.212000+00:00,2024-02-26 19:44:55.050000+00:00,2920.0568214285713,3148.029392857143,-1200,47,44,,7 days 11:27:28.838000,True,-98.75262699999999
430,ETHUSDZ20,Long,2020-10-12 13:39:21.644000+00:00,2020-10-12 16:32:24.038000+00:00,428.4,433.4271827182718,1111,5,3,,0 days 02:53:02.394000,True,0.0
431,ETHZ20,Long,2020-10-28 11:17:12.414000+00:00,2020-11-05 12:35:06.395000+00:00,0.028442134540750327,0.028383350582147474,1046,156,92,,8 days 01:17:53.981000,True,-7.921805999999998
432,ETHZ20,Long,2020-11-05 14:15:49.302000+00:00,2020-11-05 23:15:14.396000+00:00,0.027435589225589224,0.02635,297,25,1,,0 days 08:59:25.094000,True,0.0
433,ETHZ20,Long,2020-11-06 01:05:51.176000+00:00,2020-11-07 19:22:29.847000+00:00,0.027208846153846153,0.028940048076923075,208,15,14,,1 days 18:16:38.671000,True,-28.821130999999998
434,ETHZ20,Long,2020-11-09 05:45:49.587000+00:00,2020-11-11 09:34:50.590000+00:00,0.029220915032679737,0.02980849673202614,153,36,13,,2 days 03:49:01.003000,True,-0.020026999999999996
435,ETHZ20,Long,2020-11-12 00:10:50.642000+00:00,2020-11-13 17:45:04.256000+00:00,0.02858049180327869,0.02911737704918033,305,17,7,,1 days 17:34:13.614000,True,-0.098328
436,ETHZ20,Long,2020-11-13 21:23:33.501000+00:00,2020-11-22 04:33:55.601000+00:00,0.02768376699029126,0.0278942427184466,964,59,248,,8 days 07:10:22.100000,True,-1.3173929999999991
437,ETHZ20,Long,2020-11-26 04:13:21.909000+00:00,2020-11-27 07:53:14.426000+00:00,0.02958022919179735,0.029792919179734617,697,73,33,,1 days 03:39:52.517000,True,-8.387018
438,ETHZ20,Long,2020-11-28 14:26:21.008000+00:00,2020-11-30 04:39:37.583000+00:00,0.03033431818181818,0.03156,132,8,3,,1 days 14:13:16.575000,True,-0.200847
439,ETHZ20,Long,2020-11-30 08:09:01.139000+00:00,,0.029631923494302766,0.03033729622980251,1033,218,149,,2056 days 14:02:14.418000,False,-143.326779
440,ETHZ21,Long,2021-10-05 21:55:06.009000+00:00,2021-12-04 05:27:47.951000+00:00,0.06698711862023243,0.07043108143401003,40711000000,293,337,,59 days 07:32:41.942000,True,302.796164
441,ETHZ21,Long,2021-12-04 08:29:06.948000+00:00,2021-12-10 17:38:33.157000+00:00,0.08316027757575757,0.08493635151515151,16500000000,23,87,,6 days 09:09:26.209000,True,71.03725
442,ETHZ21,Long,2021-12-11 00:12:57.823000+00:00,,0.08184446921675774,0.0824525,25450000000,120,9,,1680 days 21:58:17.734000,False,-79.35886699999999
443,ETHZ22,Long,2022-10-22 22:00:42.461000+00:00,2022-11-12 03:20:36.316000+00:00,0.06938575789473685,0.07482473157894737,4100000,29,35,,20 days 05:19:53.855000,True,11.926381999999998
444,ETHZ22,Long,2022-11-13 09:14:06.215000+00:00,2022-11-16 07:57:46.861000+00:00,0.0733,0.0738,200000,1,2,,2 days 22:43:40.646000,True,0.001466
445,ETHZ22,Long,2022-11-20 11:32:20.647000+00:00,2022-12-21 16:19:51.536000+00:00,0.07040454545454546,0.07342,800000,15,100,,31 days 04:47:30.889000,True,2.677864
446,ETHZ23,Short,2023-09-29 20:51:15.892000+00:00,2023-10-16 13:26:49.122000+00:00,0.059075869999999996,0.058531845,-2980000,90,31,,16 days 16:35:33.230000,True,2.9279819999999988
447,ETHZ23,Long,2023-10-16 13:29:39.763000+00:00,2023-10-16 15:20:58.305000+00:00,0.055235,0.05610002496878902,800000,2,6,,0 days 01:51:18.542000,True,0.0
448,ETHZ23,Short,2023-10-16 15:20:58.305000+00:00,2023-11-03 23:12:26.981000+00:00,0.0549933748960931,0.05212469848156182,-4534000,54,27,,18 days 07:51:28.676000,True,14.086837
449,ETHZ23,Long,2023-11-03 23:12:26.981000+00:00,2023-11-09 21:43:29.324000+00:00,0.052860000000000004,0.0555,298000,2,2,,5 days 22:31:02.343000,True,-0.370063
450,ETHZ23,Short,2023-11-09 21:43:29.324000+00:00,,0.056617593436645394,0.05363777777777778,-1902000,38,21,,982 days 00:27:46.233000,False,6.143716
451,ETHZ24,Long,2024-10-14 15:26:28.211000+00:00,,0.03680937777777778,0.03970607703281027,4699000,69,10,1.708392,642 days 06:44:47.346000,False,-5.215481
452,LINKUSDT,Long,2021-02-02 07:30:06.999000+00:00,2021-02-02 16:21:28.509000+00:00,23.607,22.854,999,44,1,,0 days 08:51:21.510000,True,-0.004159
453,LINKUSDT,Long,2021-02-03 14:46:28.700000+00:00,2021-02-05 15:00:18.586000+00:00,25.466477496785256,25.67531675953708,2333,9,20,,2 days 00:13:49.886000,True,-8.093676
454,LINKUSDT,Long,2021-02-13 20:38:21.719000+00:00,2021-02-14 10:23:17.224000+00:00,31.536,34.50502927927928,444,2,12,,0 days 13:44:55.505000,True,0.0
455,LINKUSDT,Long,2021-08-07 11:00:54.320000+00:00,2021-08-11 08:23:00.186000+00:00,23.44698029279279,24.772,1776,48,40,,3 days 21:22:05.866000,True,-1.521286
456,LINKUSDT,Long,2021-09-21 20:42:29.371000+00:00,2021-09-22 09:14:08.137000+00:00,21.55,22.71,888,14,42,,0 days 12:31:38.766000,True,0.0
457,LINKUSDTZ20,Long,2020-09-13 00:07:48.984000+00:00,2020-09-13 13:05:55.752000+00:00,14.440750000000001,13.6455,222,2,1,,0 days 12:58:06.768000,True,0.007212
458,LINKUSDTZ20,Short,2020-09-24 13:26:23.056000+00:00,2020-09-24 15:38:46.277000+00:00,9.38016355140187,10.004080996884735,-321,2,11,,0 days 02:12:23.221000,True,0.0
459,LTCH21,Long,2020-12-25 18:30:08.190000+00:00,2021-01-03 13:42:02.307000+00:00,0.0046729307432432435,0.004577100225225225,1354,40,70,,8 days 19:11:54.117000,True,-9.780553
460,LTCH21,Long,2021-01-04 20:26:02.498000+00:00,2021-01-05 18:21:43.039000+00:00,0.004587406015037593,0.00453,532,10,8,,0 days 21:55:40.541000,True,0.020092
461,LTCH21,Long,2021-01-09 23:41:01.417000+00:00,2021-01-10 18:27:17.686000+00:00,0.004258,0.004220459459459459,555,85,15,,0 days 18:46:16.269000,True,0.059055
462,LTCH21,Long,2021-01-13 23:22:17.532000+00:00,2021-01-15 04:14:09.911000+00:00,0.0038146839443742096,0.003747964601769911,791,31,14,,1 days 04:51:52.379000,True,0.027645
463,LTCH21,Long,2021-01-18 23:28:56.431000+00:00,2021-01-26 16:28:44.163000+00:00,0.004064340277777778,0.004103874007936508,761,66,55,,7 days 16:59:47.732000,True,1.044389
464,LTCH21,Long,2021-01-29 09:39:57.104000+00:00,2021-02-22 09:22:32.890000+00:00,0.003791821280991736,0.003980390495867769,2785,310,361,,23 days 23:42:35.786000,True,88.636664
465,LTCH21,Long,2021-03-01 13:20:21.740000+00:00,2021-03-21 04:28:55.762000+00:00,0.0036260646230323115,0.0034769676884838442,1052,101,248,,19 days 15:08:34.022000,True,0.34770399999999996
466,LTCM20,Short,2020-05-01 23:45:58.220000+00:00,2020-05-02 20:49:14.945000+00:00,0.005366666666666666,0.005559999999999999,-333,31,8,,0 days 21:03:16.725000,True,-0.037373
467,LTCM20,Long,2020-05-02 20:49:14.945000+00:00,2020-05-04 05:17:10.296000+00:00,0.00556487321711569,0.005313979226361031,1262,11,57,,1 days 08:27:55.351000,True,-6.831621
468,LTCM20,Short,2020-05-04 05:17:10.296000+00:00,2020-05-06 09:52:00.862000+00:00,0.005294727537437604,0.00520713493120284,-2253,49,34,,2 days 04:34:50.566000,True,-26.579656
469,LTCM20,Long,2020-05-30 09:28:24.648000+00:00,2020-06-08 22:11:45.084000+00:00,0.004959636169708462,0.004879623133443944,3719,110,88,,9 days 12:43:20.436000,True,-21.332907
470,LTCM21,Long,2021-03-29 02:41:02.762000+00:00,2021-04-03 01:34:57.142000+00:00,0.003405,0.0036049999999999997,100,7,33,,4 days 22:53:54.380000,True,-0.022811
471,LTCM21,Long,2021-04-21 19:55:01.631000+00:00,2021-04-24 05:09:28.694000+00:00,0.004909521428571428,0.004675,700,80,52,,2 days 09:14:27.063000,True,0.063329
472,LTCU20,Long,2020-06-26 12:29:11.610000+00:00,2020-06-28 02:23:43.093000+00:00,0.004672671122994652,0.00449322192513369,1870,21,37,,1 days 13:54:31.483000,True,-0.828093
473,LTCU20,Long,2020-07-06 00:36:01.383000+00:00,2020-07-07 07:52:34.904000+00:00,0.0045449999999999996,0.004655,1000,7,1,,1 days 07:16:33.521000,True,-1.022621
474,LTCU20,Long,2020-07-08 10:10:11.536000+00:00,2020-07-09 15:07:25.822000+00:00,0.004812731397459165,0.004765,1102,24,1,,1 days 04:57:14.286000,True,-0.672538
475,LTCU20,Long,2020-07-13 19:31:54.518000+00:00,2020-07-14 04:26:40.960000+00:00,0.0045875,0.00466,1000,5,7,,0 days 08:54:46.442000,True,0.0
476,LTCU20,Long,2020-07-25 07:33:59.827000+00:00,2020-07-27 14:34:57.267000+00:00,0.0048495,0.004575,1000,20,12,,2 days 07:00:57.440000,True,0.08618999999999999
477,LTCU20,Long,2020-07-30 13:45:30.633000+00:00,2020-08-03 17:04:33.384000+00:00,0.005079583333333333,0.005274999999999999,600,19,9,,4 days 03:19:02.751000,True,9.873415999999999
478,LTCU20,Long,2020-08-24 03:14:34.050000+00:00,2020-09-02 11:46:17.839000+00:00,0.00524428728606357,0.005154440097799511,2090,53,73,,9 days 08:31:43.789000,True,-32.688995999999996
479,LTCU20,Long,2020-09-02 16:14:00.823000+00:00,2020-09-04 06:45:08.462000+00:00,0.005059,0.004680000000000001,500,12,15,,1 days 14:31:07.639000,True,0.113822
480,LTCU21,Long,2021-08-10 06:48:12.576000+00:00,2021-08-11 12:00:36.032000+00:00,0.003594128919860627,0.003706362369337979,574,141,204,,1 days 05:12:23.456000,True,6.3389359999999995
481,LTCU21,Long,2021-08-26 16:23:19.934000+00:00,2021-09-04 23:20:11.604000+00:00,0.003637466216216216,0.004307810810810811,148,10,12,,9 days 06:56:51.670000,True,5.491284
482,LTCU21,Long,2021-09-20 11:08:19.948000+00:00,2021-09-21 17:40:21.791000+00:00,0.003584,0.00369,222,23,19,,1 days 06:32:01.843000,True,0.007952
483,LTCU21,Long,2021-09-24 09:21:57.198000+00:00,,0.003485,,1000,8,0,0.0,1758 days 12:49:18.359000,False,5.134847
484,LTCUSD,Long,2020-08-01 10:10:23.992000+00:00,2020-08-02 15:18:51.412000+00:00,60.774175996661164,61.95379819993105,104663,20,26,,1 days 05:08:27.420000,True,34.379567
485,LTCUSD,Long,2020-08-02 15:50:47.412000+00:00,2020-08-03 17:04:22.683000+00:00,56.42,59.03,8111,2,2,,1 days 01:13:35.271000,True,-10.035126
486,LTCUSD,Long,2020-09-15 02:36:26.044000+00:00,2020-09-17 13:49:33.165000+00:00,49.832499999999996,48.844922974987576,72444,19,39,,2 days 11:13:07.121000,True,-11.681805
487,LTCUSD,Long,2020-10-01 14:21:43.175000+00:00,2020-10-01 16:18:46.296000+00:00,46.99724619126872,45.3244130072974,39055,27,25,,0 days 01:57:03.121000,True,0.0
488,LTCUSD,Long,2020-10-10 02:38:27.366000+00:00,2020-10-11 12:27:24.642000+00:00,49.40148123583706,49.81,36186,5,13,,1 days 09:48:57.276000,True,-1.122239
489,LTCUSD,Long,2020-10-14 08:54:20.735000+00:00,2020-10-14 10:39:23.784000+00:00,50.798181966944846,50.15999999999999,24444,3,2,,0 days 01:45:03.049000,True,0.0
490,LTCUSD,Long,2020-10-14 13:43:42.733000+00:00,2020-10-14 14:29:24.386000+00:00,50.96000000000001,49.19,51005,20,1,,0 days 00:45:41.653000,True,0.0
491,LTCUSD,Long,2020-10-21 21:58:21.745000+00:00,2020-10-22 08:54:23.681000+00:00,53.717201524132086,55.451943873230924,16534,14,8,,0 days 10:56:01.936000,True,0.0
492,LTCUSD,Long,2020-10-27 16:42:21.576000+00:00,2020-10-31 10:14:07.455000+00:00,56.29004074219517,55.34000098173964,20372,32,2,,3 days 17:31:45.879000,True,-0.129521
493,LTCUSD,Long,2020-11-06 01:56:33.306000+00:00,2020-11-06 02:00:17.329000+00:00,61.992225722257224,61.400450004500044,22222,13,3,,0 days 00:03:44.023000,True,0.0
494,LTCUSD,Long,2020-11-11 00:48:10.157000+00:00,2020-11-13 05:48:38.245000+00:00,59.905,61.505675503815304,20444,18,12,,2 days 05:00:28.088000,True,-0.035984
495,LTCUSD,Long,2020-11-13 12:37:34.020000+00:00,2020-11-13 16:25:12.454000+00:00,64.79,64.44651731559382,5111,8,6,,0 days 03:47:38.434000,True,0.0
496,LTCUSD,Long,2020-11-16 01:17:32.990000+00:00,2020-11-16 21:39:55.537000+00:00,66.01333333333334,71.17714671467147,3333,3,2,,0 days 20:22:22.547000,True,-0.005293
497,LTCUSD,Long,2020-11-17 16:16:35.526000+00:00,2020-11-18 08:47:48.816000+00:00,73.72464495631453,73.09604924543288,6295,13,4,,0 days 16:31:13.290000,True,0.0
498,LTCUSD,Long,2020-11-21 14:00:13.875000+00:00,2020-11-22 11:01:34.822000+00:00,84.57596705967059,83.71432094320943,11111,8,3,,0 days 21:01:20.947000,True,0.0
499,LTCUSD,Long,2020-11-22 22:28:40.665000+00:00,2020-11-22 23:13:54.397000+00:00,86.10568355683557,83.8,11111,6,3,,0 days 00:45:13.732000,True,0.0
500,LTCUSD,Long,2020-12-16 22:10:42.221000+00:00,2020-12-17 10:48:42.326000+00:00,91.77666666666667,100.8,600,9,1,,0 days 12:38:00.105000,True,0.0
501,LTCUSD,Long,2020-12-21 04:16:14.931000+00:00,2020-12-22 15:28:21.502000+00:00,106.77125615763546,107.41229546145392,40600,32,101,,1 days 11:12:06.571000,True,-13.136563
502,LTCUSD,Short,2020-12-22 15:28:21.502000+00:00,2020-12-22 16:37:00.600000+00:00,111.63,109.04879095523765,-2167,1,12,,0 days 01:08:39.098000,True,0.0
503,LTCUSD,Long,2020-12-23 07:52:39.201000+00:00,2020-12-23 22:20:11.215000+00:00,105.45605263157896,99.21,14440,23,23,,0 days 14:27:32.014000,True,15.884746
504,LTCUSD,Long,2020-12-25 07:47:28.608000+00:00,2021-01-01 07:09:59.910000+00:00,115.9625197993664,132.53953669482576,7576,17,15,,6 days 23:22:31.302000,True,14.293913
505,LTCUSD,Long,2021-01-03 10:05:53.937000+00:00,2021-01-04 07:18:00.878000+00:00,163.2445211299954,163.562694648599,24833,39,21,,0 days 21:12:06.941000,True,-0.206118
506,LTCUSD,Long,2021-01-04 07:24:13.415000+00:00,2021-01-04 20:55:11.898000+00:00,148.09741134751775,151.52406549853984,28764,43,38,,0 days 13:30:58.483000,True,12.795669
507,LTCUSD,Long,2021-01-06 16:15:33.762000+00:00,2021-01-06 19:50:33.819000+00:00,169.83127058770586,165.23786090360903,44444,18,18,,0 days 03:35:00.057000,True,0.0
508,LTCUSD,Long,2021-01-07 03:43:05.087000+00:00,2021-01-07 17:14:00.979000+00:00,170.59015763157896,169.67538368421052,38000,167,39,,0 days 13:30:55.892000,True,-72.660763
509,LTCUSD,Long,2021-01-10 00:14:53.140000+00:00,2021-01-10 17:40:20.994000+00:00,180.94968499684995,165.5570713707137,22222,12,48,,0 days 17:25:27.854000,True,-2.091817
510,LTCUSD,Long,2021-01-13 06:55:17.834000+00:00,2021-01-14 01:21:09.303000+00:00,134.66,145.26,600,3,2,,0 days 18:25:51.469000,True,-0.004037
511,LTCUSD,Long,2021-01-14 13:49:36.694000+00:00,2021-01-14 22:28:38.713000+00:00,152.76936025641027,149.6525487179487,7800,21,29,,0 days 08:39:02.019000,True,0.0
512,LTCUSD,Short,2021-01-14 22:50:47.463000+00:00,2021-01-15 01:56:03.761000+00:00,150.1,152.31246246246246,-333,1,3,,0 days 03:05:16.298000,True,0.0
513,LTCUSD,Long,2021-01-15 19:31:55.088000+00:00,2021-01-16 00:40:13.814000+00:00,139.45081967213116,145.12454098360655,6100,23,22,,0 days 05:08:18.726000,True,0.0
514,LTCUSD,Long,2021-01-16 02:19:39.887000+00:00,2021-01-17 09:17:34.565000+00:00,142.15201492537312,140.68238358208956,6700,18,16,,1 days 06:57:54.678000,True,6.590467
515,LTCUSD,Long,2021-01-17 09:31:04.622000+00:00,2021-01-19 12:05:15.932000+00:00,138.36,164.04255555555554,900,3,6,,2 days 02:34:11.310000,True,-2.599468
516,LTCUSD,Long,2021-01-20 09:00:21.341000+00:00,2021-01-21 02:35:01.361000+00:00,145.53666666666666,144.38198666666665,750,17,2,,0 days 17:34:40.020000,True,4.508143
517,LTCUSD,Long,2021-01-21 08:50:40.679000+00:00,2021-02-14 10:26:12.535000+00:00,137.40819353123499,151.90127002036078,53479,511,517,,24 days 01:35:31.856000,True,183.093847
518,LTCUSD,Long,2021-02-15 01:30:17.963000+00:00,2021-02-22 09:22:18.512000+00:00,210.90512994494944,220.6326865958264,12448,69,65,,7 days 07:52:00.549000,True,3.905785
519,LTCUSD,Long,2021-02-22 14:17:28.166000+00:00,2021-04-19 17:23:55.725000+00:00,198.13583879271093,219.7323731333575,27959,526,331,,56 days 03:06:27.559000,True,365.371809
520,LTCUSD,Long,2021-04-25 20:50:58.788000+00:00,2021-04-26 19:06:25.975000+00:00,215.8675,244.79414041404138,4444,30,19,,0 days 22:15:27.187000,True,0.026749
521,LTCUSD,Long,2021-04-28 17:27:53.939000+00:00,2021-05-05 00:44:14.833000+00:00,260.1876289525231,303.1242169573734,19220,254,209,,6 days 07:16:20.894000,True,108.48527
522,LTCUSD,Long,2021-05-05 08:38:04.260000+00:00,2021-05-05 17:56:40.063000+00:00,327.4,349.88252252252255,333,10,6,,0 days 09:18:35.803000,True,64.27295
523,LTCUSD,Long,2021-05-06 18:43:31.160000+00:00,2021-05-13 18:55:02.548000+00:00,336.99373299905983,301.0056458790348,47865,204,356,,7 days 00:11:31.388000,True,-8.597925
524,LTCUSD,Long,2021-09-03 16:46:11.657000+00:00,2021-09-03 23:05:48.325000+00:00,208.45787234042552,209.8268657937807,1222,6,8,,0 days 06:19:36.668000,True,0.0
525,LTCUSD,Long,2021-09-07 09:43:32.430000+00:00,2021-10-06 19:07:50.337000+00:00,183.04144887950835,167.43921410391707,10555,63,55,,29 days 09:24:17.907000,True,-57.130432000000006
526,LTCUSD,Long,2021-11-03 03:05:06.622000+00:00,2021-12-01 20:38:34.788000+00:00,211.35101932404342,215.0122480560474,11990,76,58,,28 days 17:33:28.166000,True,1.2322920000000002
527,LTCUSD,Long,2022-02-06 08:57:48.303000+00:00,2022-02-15 14:29:28.592000+00:00,130.47157831598506,131.69016210103956,106109,262,278,,9 days 05:31:40.289000,True,27.397332
528,LTCUSD,Short,2022-02-15 14:29:28.592000+00:00,2022-02-16 13:50:10.794000+00:00,131.9339994766225,129.65816256157635,-21891,19,59,,0 days 23:20:42.202000,True,9.630794
529,LTCUSD,Long,2022-02-16 13:50:10.794000+00:00,2022-02-18 11:28:25.796000+00:00,120.37064380904711,119.9701191787033,13439,23,26,,1 days 21:38:15.002000,True,1.251947
530,LTCUSD,Long,2022-05-04 18:58:20.707000+00:00,2022-05-08 02:58:48.443000+00:00,105.94578629900904,92.0567140600316,6963,31,30,,3 days 08:00:27.736000,True,-0.210903
531,LTCUSD,Long,2022-11-02 08:52:16.943000+00:00,2022-11-02 12:32:39.914000+00:00,59.241714081444194,59.66846376120826,32903,61,33,,0 days 03:40:22.971000,True,0.180186
532,LTCUSD,Long,2022-11-19 06:37:38.941000+00:00,2022-11-20 06:18:10.813000+00:00,62.60624324932493,63.33542979297929,8888,7,7,,0 days 23:40:31.872000,True,-0.051497
533,LTCUSD,Long,2022-11-20 08:40:54.554000+00:00,2022-11-28 17:33:34.062000+00:00,63.925098164660724,78.08554120516614,20411,28,39,,8 days 08:52:39.508000,True,71.323197
534,LTCUSD,Long,2022-12-15 18:06:52.283000+00:00,2022-12-17 02:23:24.762000+00:00,70.2854816112084,66.00721891418564,5710,6,7,,1 days 08:16:32.479000,True,0.00262
535,LTCUSD,Long,2022-12-26 12:13:09.532000+00:00,2023-01-01 23:20:56.151000+00:00,67.34528358208956,69.63159203980099,12060,38,21,,6 days 11:07:46.619000,True,3.5797410000000003
536,LTCUSD,Long,2023-03-03 01:33:01.255000+00:00,2023-03-04 05:33:18.555000+00:00,85.74,89.45870948379351,1666,1,11,,1 days 04:00:17.300000,True,0.610088
537,LTCUSD,Long,2023-03-04 19:48:33.583000+00:00,2023-03-10 04:29:05.675000+00:00,79.34533680196998,75.68979783938359,23112,38,40,,5 days 08:40:32.092000,True,-1.1609049999999999
538,LTCUSD,Short,2023-03-10 04:47:37.295000+00:00,2023-03-10 09:53:47.496000+00:00,74.60514851485148,71.01230423042304,-1111,4,2,,0 days 05:06:10.201000,True,0.0
539,LTCUSD,Long,2023-03-11 08:33:11.350000+00:00,2023-03-22 19:31:23.883000+00:00,80.00074744488681,82.35450193943619,50882,203,236,,11 days 10:58:12.533000,True,52.438262
540,LTCUSD,Short,2023-03-22 19:31:23.883000+00:00,2023-03-22 19:33:40.539000+00:00,83.32,82.9944278606965,-201,1,2,,0 days 00:02:16.656000,True,0.0
541,LTCUSD,Long,2023-03-23 00:24:02.949000+00:00,2023-03-23 19:05:33.179000+00:00,87.8742199219922,93.07131788178819,13332,38,23,,0 days 18:41:30.230000,True,7.973611
542,LTCUSD,Long,2023-03-27 15:02:57.385000+00:00,2023-03-27 23:26:05.289000+00:00,88.38,88.71201320132012,3333,19,5,,0 days 08:23:07.904000,True,0.0
543,LTCUSD,Long,2023-03-28 01:01:37.431000+00:00,2023-03-30 03:57:59.501000+00:00,86.98,90.24651215121513,6666,6,8,,2 days 02:56:22.070000,True,-0.074724
544,LTCUSD,Long,2023-06-02 02:52:51.978000+00:00,2023-06-15 07:30:33.087000+00:00,86.44575757575758,82.04625371628072,18887,85,147,,13 days 04:37:41.109000,True,-3.0748920000000006
545,LTCUSD,Long,2023-11-05 03:39:28.110000+00:00,2023-12-06 06:07:03.291000+00:00,70.09515642485282,72.00308908675133,10088,62,102,,31 days 02:27:35.181000,True,4.4009
546,LTCUSD,Short,2023-12-06 09:02:48.645000+00:00,2023-12-06 16:47:47.204000+00:00,74.69999999999999,73.68235679214403,-611,8,5,,0 days 07:44:58.559000,True,-1.46249
547,LTCZ20,Long,2020-10-01 14:22:13.848000+00:00,2020-10-01 16:18:51.376000+00:00,0.004438254401942927,0.004296496660595022,1647,36,25,,0 days 01:56:37.528000,True,0.0
548,LTCZ20,Long,2020-10-07 18:30:37.944000+00:00,2020-10-08 15:33:17.021000+00:00,0.00444,0.00438089552238806,536,11,16,,0 days 21:02:39.077000,True,0.00999
549,LTCZ20,Long,2020-11-01 22:56:45.017000+00:00,2020-11-02 03:51:35.083000+00:00,0.004080408515535098,0.004108768699654776,869,13,12,,0 days 04:54:50.066000,True,0.0
550,LTCZ20,Long,2020-11-06 01:56:43.325000+00:00,2020-11-06 14:47:11.825000+00:00,0.00392,0.004015746268656716,536,6,8,,0 days 12:50:28.500000,True,0.051352
551,LTCZ20,Long,2020-11-16 15:15:35.136000+00:00,2020-11-20 07:51:51.219000+00:00,0.004248385416666667,0.0044184375000000005,502,29,21,,3 days 16:36:16.083000,True,0.523663
552,LTCZ20,Long,2020-11-20 15:03:24.674000+00:00,2020-11-21 03:49:25.251000+00:00,0.004375,0.004397204301075269,93,15,3,,0 days 12:46:00.577000,True,0.0
553,LTCZ20,Long,2020-11-22 09:44:36.187000+00:00,2020-11-23 21:30:58.102000+00:00,0.0045606026438569204,0.004719070762052877,1286,110,65,,1 days 11:46:21.915000,True,9.280527
554,LTCZ20,Long,2020-11-24 03:36:25.185000+00:00,2020-11-24 06:09:51.131000+00:00,0.004979486166007905,0.004754584980237154,506,13,8,,0 days 02:33:25.946000,True,0.0
555,LTCZ20,Long,2020-12-01 11:19:34.205000+00:00,,0.004384489066442388,0.004481205520072993,1436,158,266,,2055 days 10:51:41.352000,False,63.769489
556,LTCZ21,Long,2021-12-06 22:19:25.621000+00:00,2021-12-13 19:20:17.272000+00:00,0.0032247735041024614,0.0031797041224734843,299900000000,52,70,,6 days 21:00:51.651000,True,-8.103745
557,LUNAUSD,Long,2021-10-20 09:55:35.965000+00:00,2021-10-28 06:25:58.788000+00:00,38.9273276003276,40.03951760851761,1221,8,6,,7 days 20:30:22.823000,True,-1.675053
558,LUNAUSD,Long,2021-11-24 17:28:58.208000+00:00,2021-11-25 19:10:09.118000+00:00,38.11,43.031,555,3,1,,1 days 01:41:10.910000,True,-0.011145
559,LUNAUSD,Long,2021-11-26 08:17:41.358000+00:00,2021-11-26 14:05:06.910000+00:00,39.082833733493395,40.25203661464587,1666,38,8,,0 days 05:47:25.552000,True,2.719263
560,LUNAUSD,Short,2021-12-21 17:15:11.690000+00:00,2021-12-28 17:36:15.454000+00:00,99.089859375,90.92744,-3000,77,79,,7 days 00:21:03.764000,True,20.901363
561,LUNAUSD,Short,2022-01-02 09:03:23.409000+00:00,2022-01-03 07:43:37.059000+00:00,90.84013043478261,92.13873913043479,-1150,27,9,,0 days 22:40:13.650000,True,0.001224
562,LUNAUSD,Short,2022-01-03 10:14:05.474000+00:00,2022-01-04 06:13:56.596000+00:00,93.051,88.51341500000001,-400,22,6,,0 days 19:59:51.122000,True,-1.516129
563,LUNAUSD,Short,2022-01-17 10:07:16.556000+00:00,2022-01-22 07:59:21.398000+00:00,82.60239999999999,59.95,-2000,38,36,,4 days 21:52:04.842000,True,0.123276
564,ORDIUSD,Long,2023-06-09 01:29:30.612000+00:00,,5.040015625,,64,9,0,0.0,1135 days 20:41:44.945000,False,-0.12082300000000001
565,TRXH21,Long,2020-12-27 16:00:37.274000+00:00,2020-12-30 20:03:18.874000+00:00,8.371347379221966e-07,8.331538051703617e-07,2840100,51,26,,3 days 04:02:41.600000,True,0.904122
566,TRXH21,Long,2021-01-02 12:45:15.256000+00:00,2021-01-03 00:43:14.439000+00:00,7.3e-07,7.249999999999999e-07,800000,67,9,,0 days 11:57:59.183000,True,0.0
567,TRXH21,Short,2021-01-03 16:29:56.716000+00:00,2021-01-03 16:50:02.715000+00:00,7.5e-07,7.500000000000001e-07,-200000,5,2,,0 days 00:20:05.999000,True,0.0
568,TRXH21,Long,2021-01-03 17:21:17.025000+00:00,2021-01-05 19:29:30.891000+00:00,6.933333333333333e-07,5.999999999999999e-07,3600000,37,106,,2 days 02:08:13.866000,True,0.020876
569,TRXH21,Long,2021-01-09 09:02:55.717000+00:00,2021-01-10 18:27:03.778000+00:00,6.4e-07,6.940622208620584e-07,3417889,17,191,,1 days 09:24:08.061000,True,15.214735000000001
570,TRXH21,Long,2021-01-15 10:23:50.592000+00:00,2021-01-26 14:45:59.363000+00:00,7.739810701279624e-07,8.080897442062788e-07,4500000,25,331,,11 days 04:22:08.771000,True,20.202737
571,TRXH21,Long,2021-01-29 05:52:36.582000+00:00,2021-01-29 18:22:25.938000+00:00,8.3e-07,9.506693386666667e-07,3750000,269,30,,0 days 12:29:49.356000,True,0.05436
572,TRXH21,Long,2021-02-05 09:00:36.798000+00:00,2021-02-09 11:07:24.054000+00:00,8.404347826086958e-07,8.439130434782609e-07,5750000,267,256,,4 days 02:06:47.256000,True,-1.0764110000000002
573,TRXH21,Long,2021-02-11 21:24:34.798000+00:00,2021-02-28 07:49:32.932000+00:00,9.75e-07,9.878571428571428e-07,2750000,76,401,,16 days 10:24:58.134000,True,10.022943999999999
574,TRXH21,Long,2021-03-19 17:57:16.663000+00:00,2021-03-20 23:20:45.170000+00:00,9.649999999999999e-07,1.0466666666666667e-06,2400000,45,7,,1 days 05:23:28.507000,True,11.246087
575,TRXM20,Long,2020-05-22 21:43:52.981000+00:00,2020-05-31 19:22:31.426000+00:00,1.627e-06,1.6965e-06,4000000,71,24,,8 days 21:38:38.445000,True,19.47969
576,TRXM20,Long,2020-06-06 11:50:04.906000+00:00,2020-06-07 13:17:24.710000+00:00,1.7600000000000003e-06,1.82e-06,500000,5,1,,1 days 01:27:19.804000,True,-0.198
577,TRXM20,Long,2020-06-11 13:18:24.448000+00:00,2020-06-11 16:02:16.526000+00:00,1.7399999999999999e-06,1.7399999999999999e-06,200000,3,3,,0 days 02:43:52.078000,True,0.0
578,TRXM20,Long,2020-06-11 16:45:08.739000+00:00,2020-06-14 11:15:54.307000+00:00,1.695e-06,1.74375e-06,800000,6,24,,2 days 18:30:45.568000,True,1.0140820000000001
579,TRXM21,Long,2021-03-19 17:56:44.382000+00:00,2021-03-21 00:10:58.195000+00:00,9.1e-07,1.00577520846432e-06,702998,141,25,,1 days 06:14:13.813000,True,0.700867
580,TRXM21,Long,2021-03-27 01:11:34.003000+00:00,2021-04-07 11:11:12.424000+00:00,1.4044562849315068e-06,1.5489685917808219e-06,5300000,125,425,,11 days 09:59:38.421000,True,93.80946300000001
581,TRXM21,Long,2021-04-27 14:59:10.227000+00:00,2021-05-12 18:44:11.870000+00:00,2.2219887573368627e-06,2.3495226403754428e-06,1852432,311,124,,15 days 03:45:01.643000,True,31.080233999999997
582,TRXM21,Long,2021-05-18 06:09:35.728000+00:00,2021-05-19 01:50:53.910000+00:00,2.525e-06,2.60392962e-06,1000000,5,11,,0 days 19:41:18.182000,True,-0.063373
583,TRXM21,Long,2021-05-19 04:43:49.983000+00:00,2021-05-20 20:56:46.565000+00:00,2.5e-06,2.0264859199999997e-06,1500000,147,154,,1 days 16:12:56.582000,True,-47.080491
584,TRXU20,Long,2020-06-30 10:17:05.892000+00:00,2020-07-02 17:20:05.724000+00:00,1.82e-06,1.82e-06,6000000,47,23,,2 days 07:02:59.832000,True,-1.439561
585,TRXU20,Long,2020-07-04 05:15:52.052000+00:00,2020-07-05 06:36:59.774000+00:00,1.854e-06,1.83e-06,5000000,21,33,,1 days 01:21:07.722000,True,-1.172246
586,TRXU20,Long,2020-07-06 00:30:48.705000+00:00,2020-07-07 23:57:28.444000+00:00,1.9055422406514506e-06,1.87e-06,4479358,37,37,,1 days 23:26:39.739000,True,-1.718996
587,TRXU20,Long,2020-07-11 08:53:31.098000+00:00,2020-07-12 09:47:36.403000+00:00,2.03e-06,1.93e-06,2376070,5,1,,1 days 00:54:05.305000,True,-1.085268
588,TRXU20,Long,2020-07-18 13:36:30.578000+00:00,2020-07-27 14:56:16.134000+00:00,1.876137435595285e-06,1.7996646096028363e-06,3088035,42,68,,9 days 01:19:45.556000,True,-22.154087
589,TRXU20,Long,2020-08-03 12:00:39.524000+00:00,2020-08-04 15:17:03.531000+00:00,1.748904109589041e-06,1.7842465753424657e-06,7300000,51,54,,1 days 03:16:24.007000,True,12.384626
590,TRXU20,Long,2020-08-13 16:38:27.844000+00:00,2020-08-14 01:37:11.907000+00:00,1.9e-06,1.9733333333333336e-06,5400000,16,66,,0 days 08:58:44.063000,True,0.0
591,TRXU20,Short,2020-08-14 16:15:57.668000+00:00,2020-08-14 16:32:14.033000+00:00,2.18e-06,2.13e-06,-800000,4,1,,0 days 00:16:16.365000,True,0.0
592,TRXU20,Long,2020-08-16 16:59:00.900000+00:00,2020-08-17 11:03:48.577000+00:00,2.31e-06,2.5e-06,100000,1,8,,0 days 18:04:47.677000,True,0.0
593,TRXU20,Long,2020-08-17 11:48:01.724000+00:00,2020-08-17 17:25:02.861000+00:00,2.3823076923076923e-06,2.42e-06,1300000,15,2,,0 days 05:37:01.137000,True,1.824584
594,TRXU20,Short,2020-08-18 08:40:57.361000+00:00,2020-08-18 12:18:46.926000+00:00,2.5e-06,2.42e-06,-50000,1,1,,0 days 03:37:49.565000,True,4.270581
595,TRXU20,Short,2020-08-18 14:16:31.514000+00:00,2020-08-19 11:11:55.839000+00:00,2.4718181818181817e-06,2.330909090909091e-06,-550000,26,2,,0 days 20:55:24.325000,True,0.0
596,TRXU20,Short,2020-09-03 18:19:04.347000+00:00,2020-09-03 18:43:34.848000+00:00,4.43e-06,4.36e-06,-300000,3,1,,0 days 00:24:30.501000,True,0.0
597,TRXU20,Short,2020-09-03 20:04:41.741000+00:00,2020-09-03 20:54:09.125000+00:00,4.3e-06,3.97e-06,-50000,1,2,,0 days 00:49:27.384000,True,0.0
598,TRXU20,Short,2020-09-04 06:42:08.923000+00:00,2020-09-04 08:04:37.380000+00:00,4.1425e-06,4.1133178e-06,-200000,5,2,,0 days 01:22:28.457000,True,0.0
599,TRXU20,Short,2020-09-04 08:04:59.463000+00:00,2020-09-04 08:56:59.266000+00:00,4.165e-06,3.966e-06,-100000,2,4,,0 days 00:51:59.803000,True,0.0
600,TRXU20,Long,2020-09-07 08:19:04.646000+00:00,2020-09-08 09:23:35.653000+00:00,3.0221153846153844e-06,3.1224229884615384e-06,3600000,60,73,,1 days 01:04:31.007000,True,-14.959267
601,TRXU20,Long,2020-09-16 06:36:46.658000+00:00,2020-09-18 02:39:10.066000+00:00,2.400243038762252e-06,2.4955590985206232e-06,2057285,23,20,,1 days 20:02:23.408000,True,-0.106939
602,TRXU20,Long,2020-09-21 14:27:22.166000+00:00,2020-09-23 18:49:35.589000+00:00,2.3781291661372975e-06,2.43e-06,590325,12,1,,2 days 04:22:13.423000,True,-0.20140999999999998
603,TRXU21,Long,2021-06-29 04:16:50.250000+00:00,2021-07-12 20:13:31.919000+00:00,1.8232052843154097e-06,1.7569438515718948e-06,2510500,668,577,,13 days 15:56:41.669000,True,-11.699375
604,TRXU21,Long,2021-09-11 07:16:28.045000+00:00,2021-09-20 11:08:54.241000+00:00,2.128933520821333e-06,2.200914962897706e-06,2451300,268,149,,9 days 03:52:26.196000,True,22.388567000000002
605,TRXU21,Long,2021-09-21 16:23:28.175000+00:00,,2.1248387096774194e-06,2.195403905e-06,2100000,66,30,,1761 days 05:47:47.382000,False,21.035451
606,TRXUSDT,Long,2021-10-29 17:27:32.668000+00:00,,0.09896133581373019,,8332,15,0,0.0,1723 days 04:43:42.889000,False,3.0059460000000002
607,TRXZ20,Long,2020-10-02 04:39:11.650000+00:00,2020-10-03 09:30:30.059000+00:00,2.375340707440358e-06,2.47806636696322e-06,1502374,45,21,,1 days 04:51:18.409000,True,-0.011702
608,TRXZ20,Long,2020-10-06 11:18:29.751000+00:00,2020-10-06 16:23:08.231000+00:00,2.35e-06,2.4e-06,70020,2,4,,0 days 05:04:38.480000,True,0.007404
609,TRXZ20,Long,2020-10-10 03:36:58.367000+00:00,2020-10-11 20:48:23.309000+00:00,2.39e-06,2.34e-06,300000,8,6,,1 days 17:11:24.942000,True,-0.035288
610,TRXZ20,Long,2020-10-12 18:42:57.882000+00:00,2020-10-16 06:33:56.443000+00:00,2.3660000000000003e-06,2.29e-06,1000000,30,8,,3 days 11:50:58.561000,True,-0.022593
611,TRXZ20,Long,2020-10-25 09:33:35.537000+00:00,2020-10-28 20:44:05.855000+00:00,2.0297292084089897e-06,2.018316558965721e-06,2970107,38,21,,3 days 11:10:30.318000,True,-2.4436
612,TRXZ20,Long,2020-11-10 01:24:22.991000+00:00,2020-11-16 17:56:03.156000+00:00,1.5853240650373417e-06,1.5733139446228485e-06,3980667,157,65,,6 days 16:31:40.165000,True,-0.39129699999999956
613,TRXZ20,Long,2020-12-02 06:12:49.097000+00:00,2020-12-16 10:03:47.449000+00:00,1.5627586206896552e-06,1.5324137931034482e-06,2300000,35,58,,14 days 03:50:58.352000,True,-3.772417
614,TRXZ21,Long,2021-11-15 06:44:35.666000+00:00,2021-12-03 20:39:26.899000+00:00,1.8408428571428571e-06,1.767442497142857e-06,350000000000000,69,55,,18 days 13:54:51.233000,True,-14.305541
615,UNIUSDT,Long,2021-04-06 01:12:53.327000+00:00,2021-04-25 07:17:23.848000+00:00,32.48258429578521,33.793816034198294,11112,133,80,,19 days 06:04:30.521000,True,-0.8572549999999997
616,UNIUSDT,Long,2021-05-04 12:24:42.950000+00:00,2021-05-09 18:55:03.177000+00:00,41.481363733447246,40.00154218282785,8320,198,109,,5 days 06:30:20.227000,True,-0.1499950000000002
617,UNIUSDT,Long,2021-07-04 08:04:52.426000+00:00,2021-07-07 08:01:50.631000+00:00,19.996904427449145,22.03662650226315,19221,93,115,,2 days 23:56:58.205000,True,29.072007
618,UNIUSDT,Long,2021-07-13 05:16:41.398000+00:00,2021-07-13 13:44:24.437000+00:00,19.034000000000002,19.077384577961567,8222,47,31,,0 days 08:27:43.039000,True,1.331537
619,XBTM21,Short,2021-06-05 14:47:48.300000+00:00,2021-06-05 14:48:22.779000+00:00,35710.330289830286,35794.35838485839,-333333,12,7,,0 days 00:00:34.479000,True,0.0
620,XBTUSD,Long,2020-05-01 09:03:47.360000+00:00,2020-05-01 11:47:37.525000+00:00,8829.666666666666,9024.5,28998,7,2,,0 days 02:43:50.165000,True,0.0
621,XBTUSD,Long,2020-05-01 12:34:19.019000+00:00,2020-05-01 20:06:31.420000+00:00,8783.351770855557,8721.5,74992,18,3,,0 days 07:32:12.401000,True,0.0
622,XBTUSD,Long,2020-05-01 21:30:33.177000+00:00,2020-05-02 13:23:41.130000+00:00,8760.0,8873.5,35332,10,4,,0 days 15:53:07.953000,True,-6.932792
623,XBTUSD,Long,2020-05-02 18:08:49.639000+00:00,2020-05-03 06:07:39.930000+00:00,8820.41857382082,9076.5,42996,9,11,,0 days 11:58:50.291000,True,0.0
624,XBTUSD,Long,2020-05-03 07:14:36.775000+00:00,2020-05-03 15:44:36.130000+00:00,8865.671596144168,8811.0,103324,17,23,,0 days 08:29:59.355000,True,18.307967
625,XBTUSD,Long,2020-05-03 15:49:59.145000+00:00,2020-05-05 09:25:24.095000+00:00,8670.332382850076,9017.0,29108,4,4,,1 days 17:35:24.950000,True,-7.612663
626,XBTUSD,Long,2020-05-05 10:00:31.359000+00:00,2020-05-07 06:52:04.130000+00:00,8856.777158665835,9272.0,51328,9,12,,1 days 20:51:32.771000,True,12.687527
627,XBTUSD,Long,2020-05-10 03:10:26.812000+00:00,2020-05-10 08:01:24.164000+00:00,8481.393679246363,8784.0,87363,14,9,,0 days 04:50:57.352000,True,0.0
628,XBTUSD,Short,2020-05-10 08:20:27.874000+00:00,2020-05-10 09:59:47.298000+00:00,8849.5,8758.0,-3804,1,2,,0 days 01:39:19.424000,True,0.0
629,XBTUSD,Long,2020-05-10 09:59:49.340000+00:00,2020-05-11 18:17:00.254000+00:00,8665.459975129457,8555.07611267841,136288,64,27,,1 days 08:17:10.914000,True,35.697889999999994
630,XBTUSD,Short,2020-05-11 18:31:33.729000+00:00,2020-05-11 18:36:51.573000+00:00,8468.430668430668,8403.243344493345,-444444,34,58,,0 days 00:05:17.844000,True,0.0
631,XBTUSD,Short,2020-05-21 12:35:54.239000+00:00,2020-05-21 18:06:04.304000+00:00,9350.575721898624,8920.7144705044,-64552,10,11,,0 days 05:30:10.065000,True,0.0
632,XBTUSD,Long,2020-05-21 18:57:25.876000+00:00,2020-05-22 16:16:02.606000+00:00,8811.0,9193.0,8555,1,1,,0 days 21:18:36.730000,True,32.567221
633,XBTUSD,Long,2020-05-22 19:47:09.265000+00:00,2020-05-28 13:31:27.719000+00:00,8848.850083533465,9076.135650516864,171875,38,51,,5 days 17:44:18.454000,True,39.237164
634,XBTUSD,Long,2020-05-30 20:47:31.426000+00:00,2020-06-04 18:22:10.007000+00:00,9296.450502018128,9574.404001781122,242765,38,58,,4 days 21:34:38.581000,True,75.566608
635,XBTUSD,Long,2020-06-05 20:57:31.356000+00:00,2020-06-11 15:15:41.435000+00:00,9522.253902978893,9773.399498010602,172880,31,36,,5 days 18:18:10.079000,True,61.833528
636,XBTUSD,Long,2020-06-11 16:00:49.415000+00:00,2020-06-11 18:01:35.905000+00:00,9235.46540398915,9344.0,54197,9,1,,0 days 02:00:46.490000,True,0.0
637,XBTUSD,Long,2020-06-11 19:23:54.379000+00:00,2020-06-12 14:50:32.694000+00:00,9252.0,9453.0,19665,3,1,,0 days 19:26:38.315000,True,2.395241
638,XBTUSD,Short,2020-06-14 06:41:47.368000+00:00,2020-06-14 11:15:13.716000+00:00,9408.559495857024,9430.0,-257665,47,20,,0 days 04:33:26.348000,True,0.0
639,XBTUSD,Short,2020-06-14 13:13:12.776000+00:00,2020-06-14 16:45:47.874000+00:00,9371.0,9397.0,-152555,5,6,,0 days 03:32:35.098000,True,0.0
640,XBTUSD,Short,2020-06-14 18:17:17.443000+00:00,2020-06-15 20:54:23.606000+00:00,9348.44398618666,9289.038636200974,-134672,86,17,,1 days 02:37:06.163000,True,43.192242
641,XBTUSD,Long,2020-06-15 22:35:23.634000+00:00,2020-06-19 02:11:47.049000+00:00,9312.840553197717,9294.0,68330,11,10,,3 days 03:36:23.415000,True,-29.841010999999998
642,XBTUSD,Long,2020-06-20 11:15:45.218000+00:00,2020-06-25 03:12:47.645000+00:00,9431.469572550648,9297.420725605414,729654,66,81,,4 days 15:57:02.427000,True,42.144511
643,XBTUSD,Long,2020-06-25 06:45:45.804000+00:00,2020-06-27 02:49:35.617000+00:00,9135.377684291258,9111.0,88664,23,8,,1 days 20:03:49.813000,True,-211.48764
644,XBTUSD,Short,2020-06-28 02:14:03.502000+00:00,2020-06-28 06:37:44.228000+00:00,8941.64760772013,8990.5,-133262,87,9,,0 days 04:23:40.726000,True,0.0
645,XBTUSD,Long,2020-06-28 06:38:12.075000+00:00,2020-07-02 16:32:26.838000+00:00,9015.941047477114,9127.616652418288,309693,21,50,,4 days 09:54:14.763000,True,51.130991
646,XBTUSD,Short,2020-07-02 16:32:26.838000+00:00,2020-07-02 18:35:17.608000+00:00,9029.0,9065.0,-74358,2,14,,0 days 02:02:50.770000,True,0.0
647,XBTUSD,Short,2020-07-02 20:16:24.348000+00:00,2020-07-06 06:12:59.509000+00:00,9116.50019193656,9140.0,-190167,38,60,,3 days 09:56:35.161000,True,-3.8560970000000006
648,XBTUSD,Long,2020-07-06 06:14:49.596000+00:00,2020-07-07 05:37:52.485000+00:00,9149.340581222445,9316.485208567032,229998,14,28,,0 days 23:23:02.889000,True,-8.340145
649,XBTUSD,Long,2020-07-07 06:15:27.441000+00:00,2020-07-07 19:05:17.230000+00:00,9247.5,9266.5,49998,3,7,,0 days 12:49:49.789000,True,43.186273
650,XBTUSD,Long,2020-07-07 20:03:17.010000+00:00,2020-07-09 15:20:47.762000+00:00,9288.79475823163,9285.789750901567,323326,57,18,,1 days 19:17:30.752000,True,9.422291
651,XBTUSD,Long,2020-07-10 16:36:38.652000+00:00,2020-07-14 04:26:21.134000+00:00,9249.740020579782,9177.725187330854,247797,53,19,,3 days 11:49:42.482000,True,-12.612849
652,XBTUSD,Long,2020-07-14 17:05:36.889000+00:00,2020-07-15 02:24:15.627000+00:00,9228.0,9245.0,122221,14,12,,0 days 09:18:38.738000,True,0.0
653,XBTUSD,Long,2020-07-15 08:22:32.866000+00:00,2020-07-16 06:53:12.668000+00:00,9189.5,9151.5,41665,6,1,,0 days 22:30:39.802000,True,0.566839
654,XBTUSD,Short,2020-07-16 07:11:35.663000+00:00,2020-07-18 13:36:15.554000+00:00,9132.750046875586,9167.864567057088,-319996,25,43,,2 days 06:24:39.891000,True,-8.753516999999999
655,XBTUSD,Short,2020-07-18 16:44:20.193000+00:00,2020-07-20 05:54:22.395000+00:00,9200.434189035648,9187.5,-56328,14,1,,1 days 13:10:02.202000,True,-9.332557
656,XBTUSD,Short,2020-07-20 19:49:26.455000+00:00,2020-07-21 10:29:16.624000+00:00,9153.5,9337.5,-6666,1,3,,0 days 14:39:50.169000,True,0.0
657,XBTUSD,Long,2020-07-21 10:29:22.503000+00:00,2020-07-27 03:39:51.463000+00:00,9616.562932969071,10089.204800468338,86322,24,11,,5 days 17:10:28.960000,True,-2.36455
658,XBTUSD,Long,2020-07-27 04:04:36.394000+00:00,2020-07-27 06:21:54.032000+00:00,10226.628979387744,10276.0,17999,2,1,,0 days 02:17:17.638000,True,0.0
659,XBTUSD,Long,2020-07-27 07:59:53.689000+00:00,2020-07-27 11:09:17.243000+00:00,10163.647824901132,10315.5,29332,3,10,,0 days 03:09:23.554000,True,0.0
660,XBTUSD,Long,2020-07-27 11:11:09.033000+00:00,2020-07-27 14:46:12.052000+00:00,10245.146739130434,10351.0,20332,5,2,,0 days 03:35:03.019000,True,64.453222
661,XBTUSD,Long,2020-07-27 16:29:22.623000+00:00,2020-07-27 19:37:16.714000+00:00,10435.0,10778.0,13666,1,1,,0 days 03:07:54.091000,True,0.0
662,XBTUSD,Long,2020-07-28 10:12:40.233000+00:00,2020-07-29 17:16:40.057000+00:00,10765.416387902196,11250.494878780564,28997,6,15,,1 days 07:03:59.824000,True,5.410928
663,XBTUSD,Long,2020-07-29 17:36:55.816000+00:00,2020-08-01 07:23:13.111000+00:00,11038.047619047618,11414.467266775777,54990,23,7,,2 days 13:46:17.295000,True,8.432048
664,XBTUSD,Long,2020-08-02 04:39:08.114000+00:00,2020-08-03 16:56:22.981000+00:00,10956.36664845173,11345.392233151184,85186,32,18,,1 days 12:17:14.867000,True,21.081342
665,XBTUSD,Long,2020-08-03 21:59:23.805000+00:00,2020-08-05 13:31:17.498000+00:00,11075.5,11419.453310440387,22132,6,4,,1 days 15:31:53.693000,True,21.206055
666,XBTUSD,Short,2020-08-07 09:30:32.273000+00:00,2020-08-07 14:39:19.943000+00:00,11823.800122403427,11600.5,-27777,2,2,,0 days 05:08:47.670000,True,-0.158567
667,XBTUSD,Long,2020-08-07 17:32:49.387000+00:00,2020-08-07 20:22:11.941000+00:00,11415.067969413763,11529.767861280605,38841,7,27,,0 days 02:49:22.554000,True,0.0
668,XBTUSD,Short,2020-08-07 22:22:53.037000+00:00,2020-08-08 16:29:12.767000+00:00,11708.928195495982,11727.085820420292,-103552,19,20,,0 days 18:06:19.730000,True,3.233738
669,XBTUSD,Long,2020-08-08 16:29:12.767000+00:00,2020-08-09 05:41:08.223000+00:00,11634.75,11686.0,29778,2,7,,0 days 13:11:55.456000,True,0.0
670,XBTUSD,Short,2020-08-09 12:45:25.669000+00:00,2020-08-09 22:30:45.604000+00:00,11633.5,11696.0,-47997,23,40,,0 days 09:45:19.935000,True,0.0
671,XBTUSD,Long,2020-08-09 22:31:03.411000+00:00,2020-08-10 14:37:02.277000+00:00,11682.551071515229,11782.84957583471,218429,36,12,,0 days 16:05:58.866000,True,-3.276572
672,XBTUSD,Short,2020-08-11 06:34:34.625000+00:00,2020-08-12 03:22:14.782000+00:00,11731.5,11364.153429944827,-166665,6,23,,0 days 20:47:40.157000,True,14.509218
673,XBTUSD,Long,2020-08-12 03:22:14.782000+00:00,2020-08-12 18:04:19.199000+00:00,11262.088402993433,11530.0,16347,3,1,,0 days 14:42:04.417000,True,45.985829
674,XBTUSD,Long,2020-08-13 08:27:59.919000+00:00,2020-08-14 14:16:12.350000+00:00,11425.6,11676.5,55550,10,15,,1 days 05:48:12.431000,True,3.339404
675,XBTUSD,Long,2020-08-14 16:28:11.305000+00:00,2020-08-15 08:43:00.796000+00:00,11796.888888888889,11865.0,49995,19,6,,0 days 16:14:49.491000,True,0.0
676,XBTUSD,Long,2020-08-15 12:22:23.180000+00:00,2020-08-17 04:28:06.081000+00:00,11851.466945996275,11837.0,32220,15,1,,1 days 16:05:42.901000,True,-0.016935
677,XBTUSD,Long,2020-08-17 10:23:21.207000+00:00,2020-08-17 17:24:40.814000+00:00,11781.067005583798,12426.5,59995,9,23,,0 days 07:01:19.607000,True,-0.890864
678,XBTUSD,Short,2020-08-17 18:53:38.701000+00:00,2020-08-19 11:11:41.286000+00:00,12329.5,11718.68134364042,-12548,1,3,,1 days 16:18:02.585000,True,26.306871
679,XBTUSD,Long,2020-08-19 20:20:39.670000+00:00,2020-08-21 08:50:58.192000+00:00,11566.75,11843.2,11110,2,2,,1 days 12:30:18.522000,True,0.012114
680,XBTUSD,Short,2020-08-21 10:05:28.197000+00:00,2020-08-25 16:59:14.734000+00:00,11720.289970183814,11499.01758065015,-100545,32,29,,4 days 06:53:46.537000,True,18.275019
681,XBTUSD,Long,2020-08-25 16:59:14.734000+00:00,2020-08-26 16:28:56.440000+00:00,11197.592679245283,11360.790860880712,88199,12,22,,0 days 23:29:41.706000,True,18.038774
682,XBTUSD,Short,2020-08-26 16:28:56.440000+00:00,2020-08-27 14:10:07.390000+00:00,11533.333333333334,11264.93661443574,-19789,4,7,,0 days 21:41:10.950000,True,4.767741
683,XBTUSD,Long,2020-08-27 14:10:07.390000+00:00,2020-08-30 04:40:20.590000+00:00,11271.307954113541,11334.036951105485,96529,32,16,,2 days 14:30:13.200000,True,4.287160999999999
684,XBTUSD,Long,2020-08-30 08:53:07.559000+00:00,2020-08-31 08:19:26.320000+00:00,11660.37527138359,11609.33008871188,122436,25,71,,0 days 23:26:18.761000,True,5.522966
685,XBTUSD,Long,2020-08-31 11:20:51.550000+00:00,2020-09-03 11:23:27.373000+00:00,11438.86422454681,11283.902770286106,510302,130,62,,3 days 00:02:35.823000,True,-11.889562000000002
686,XBTUSD,Long,2020-09-03 19:57:02.692000+00:00,2020-09-04 06:40:43.064000+00:00,10336.057578752316,10283.5,242850,35,2,,0 days 10:43:40.372000,True,0.0
687,XBTUSD,Long,2020-09-04 07:06:54.474000+00:00,2020-09-04 10:08:13.317000+00:00,10184.916666666666,10496.88925478717,32796,7,14,,0 days 03:01:18.843000,True,0.0
688,XBTUSD,Long,2020-09-04 14:51:02.611000+00:00,2020-09-04 16:04:47.580000+00:00,9985.646620371333,10376.12487265318,96194,12,36,,0 days 01:13:44.969000,True,0.0
689,XBTUSD,Long,2020-09-04 18:25:15.745000+00:00,2020-09-05 13:24:13.184000+00:00,10194.861690761956,10162.523583833425,43992,8,2,,0 days 18:58:57.439000,True,35.959732
690,XBTUSD,Long,2020-09-05 18:53:31.003000+00:00,2020-09-06 12:27:33.633000+00:00,9882.709641298645,10090.973023815313,76993,8,13,,0 days 17:34:02.630000,True,-0.675069
691,XBTUSD,Long,2020-09-06 14:44:50.876000+00:00,2020-09-07 10:19:51.089000+00:00,10112.5,10100.0,31992,9,1,,0 days 19:35:00.213000,True,0.0
692,XBTUSD,Long,2020-09-07 11:05:06.352000+00:00,2020-09-07 11:32:56.032000+00:00,10120.0,10030.5,2999,1,2,,0 days 00:27:49.680000,True,0.0
693,XBTUSD,Short,2020-09-07 11:32:56.032000+00:00,2020-09-07 16:06:44.560000+00:00,10022.1803980035,10158.0,-14427,9,10,,0 days 04:33:48.528000,True,13.942531
694,XBTUSD,Long,2020-09-07 22:04:21.263000+00:00,2020-09-08 09:44:34.861000+00:00,10189.0,10120.0,7998,2,4,,0 days 11:40:13.598000,True,0.0
695,XBTUSD,Short,2020-09-08 11:43:40.751000+00:00,2020-09-08 14:13:23.412000+00:00,9959.586434745339,10060.0,-27998,18,10,,0 days 02:29:42.661000,True,-2.907893
696,XBTUSD,Long,2020-09-08 14:30:50.526000+00:00,2020-09-10 06:41:44.261000+00:00,10047.965591455464,10149.24453017557,55989,15,11,,1 days 16:10:53.735000,True,-4.798469
697,XBTUSD,Long,2020-09-12 15:27:52.719000+00:00,2020-09-14 12:26:48.098000+00:00,10315.850790013421,10466.0,78986,17,1,,1 days 20:58:55.379000,True,0.11241699999999999
698,XBTUSD,Long,2020-09-14 12:39:17.319000+00:00,2020-09-14 14:52:14.920000+00:00,10535.015647964363,10641.5,131998,6,7,,0 days 02:12:57.601000,True,0.0
699,XBTUSD,Long,2020-09-16 07:32:13.330000+00:00,2020-09-16 08:04:58.092000+00:00,10849.0,10903.0,31998,2,5,,0 days 00:32:44.762000,True,0.0
700,XBTUSD,Short,2020-09-16 17:10:27.838000+00:00,2020-09-17 18:16:11.111000+00:00,10901.721528288024,10907.5,-97992,36,1,,1 days 01:05:43.273000,True,-0.48213
701,XBTUSD,Long,2020-09-19 09:15:58.383000+00:00,2020-09-19 11:57:22.323000+00:00,10933.5,11136.822391684824,15999,3,3,,0 days 02:41:23.940000,True,0.0
702,XBTUSD,Short,2020-09-19 11:57:22.323000+00:00,2020-09-19 16:20:45.314000+00:00,11170.5,11091.0,-27997,2,1,,0 days 04:23:22.991000,True,2.497848
703,XBTUSD,Short,2020-09-20 09:10:23.087000+00:00,2020-09-21 11:54:24.664000+00:00,10911.813845992838,10601.464533234104,-85996,21,3,,1 days 02:44:01.577000,True,1.298519
704,XBTUSD,Long,2020-09-21 14:39:31.283000+00:00,2020-09-21 17:07:13.800000+00:00,10337.431828748977,10403.756769522572,270994,30,19,,0 days 02:27:42.517000,True,0.0
705,XBTUSD,Long,2020-09-21 17:14:08.959000+00:00,2020-09-21 19:18:59.594000+00:00,10395.0,10468.5,32999,1,1,,0 days 02:04:50.635000,True,0.0
706,XBTUSD,Long,2020-09-22 00:03:20.911000+00:00,2020-09-22 09:19:09.821000+00:00,10360.280269514366,10445.5,58995,6,2,,0 days 09:15:48.910000,True,0.0
707,XBTUSD,Long,2020-09-23 00:23:49.396000+00:00,2020-09-23 18:58:21.148000+00:00,10458.299909589196,10407.167796801717,77375,15,10,,0 days 18:34:31.752000,True,-2.508222
708,XBTUSD,Long,2020-09-23 19:04:47.308000+00:00,2020-09-23 20:48:55.929000+00:00,10282.228568197053,10259.230373719129,429977,52,27,,0 days 01:44:08.621000,True,0.0
709,XBTUSD,Long,2020-09-23 20:49:53.347000+00:00,2020-09-23 20:50:44.439000+00:00,10201.0,10171.5,158555,6,1,,0 days 00:00:51.092000,True,0.0
710,XBTUSD,Long,2020-09-23 20:52:14.671000+00:00,2020-09-23 21:01:40.892000+00:00,10147.833333333334,10180.12128283561,317110,17,72,,0 days 00:09:26.221000,True,0.0
711,XBTUSD,Long,2020-09-23 23:25:20.531000+00:00,2020-09-24 03:59:10.889000+00:00,10222.0,10253.25,237110,27,23,,0 days 04:33:50.358000,True,0.0
712,XBTUSD,Long,2020-09-25 18:29:35.980000+00:00,2020-09-26 13:16:14.094000+00:00,10731.5,10676.0,58555,1,4,,0 days 18:46:38.114000,True,-0.477559
713,XBTUSD,Long,2020-09-26 21:51:56.827000+00:00,2020-09-27 08:12:59.659000+00:00,10697.025584069408,10648.0,95665,11,2,,0 days 10:21:02.832000,True,0.0
714,XBTUSD,Long,2020-09-28 00:31:03.411000+00:00,2020-09-29 19:51:19.200000+00:00,10702.621090484752,10716.126738683803,1000985,196,255,,1 days 19:20:15.789000,True,-39.099326000000005
715,XBTUSD,Short,2020-09-29 19:51:19.200000+00:00,2020-09-29 22:57:20.587000+00:00,10759.8170811931,10758.5,-290346,6,11,,0 days 03:06:01.387000,True,0.0
716,XBTUSD,Long,2020-09-29 23:04:33.209000+00:00,2020-09-30 07:44:52.809000+00:00,10729.194036689716,10729.208913622002,509998,46,45,,0 days 08:40:19.600000,True,0.0
717,XBTUSD,Long,2020-09-30 14:10:55.245000+00:00,2020-10-01 16:21:31.976000+00:00,10682.07633704485,10617.847394638859,1026659,100,110,,1 days 02:10:36.731000,True,-4.174218
718,XBTUSD,Long,2020-10-01 16:22:24.232000+00:00,2020-10-01 16:27:37.655000+00:00,10547.72307617992,10572.942005308707,393332,97,29,,0 days 00:05:13.423000,True,0.0
719,XBTUSD,Short,2020-10-01 16:27:37.655000+00:00,2020-10-01 16:29:17.639000+00:00,10571.5,10566.0,-66667,1,1,,0 days 00:01:39.984000,True,0.0
720,XBTUSD,Long,2020-10-01 16:30:10.103000+00:00,2020-10-01 16:45:13.458000+00:00,10545.334622760378,10470.307627869624,706665,45,37,,0 days 00:15:03.355000,True,0.0
721,XBTUSD,Long,2020-10-01 16:45:32.303000+00:00,2020-10-01 16:49:08.978000+00:00,10467.666666666666,10519.644076334442,669999,54,49,,0 days 00:03:36.675000,True,0.0
722,XBTUSD,Long,2020-10-01 16:50:42.245000+00:00,2020-10-01 18:51:34.038000+00:00,10493.843341188891,10501.020713296139,853332,443,388,,0 days 02:00:51.793000,True,0.0
723,XBTUSD,Short,2020-10-01 18:51:34.038000+00:00,2020-10-01 19:44:41.639000+00:00,10603.858563882643,10575.0,-436664,24,6,,0 days 00:53:07.601000,True,0.0
724,XBTUSD,Long,2020-10-01 19:44:41.639000+00:00,2020-10-02 06:34:50.193000+00:00,10468.915547114733,10449.653076371627,823331,177,303,,0 days 10:50:08.554000,True,0.0
725,XBTUSD,Long,2020-10-02 06:54:23.065000+00:00,2020-10-02 10:22:03.608000+00:00,10474.14975798363,10417.992587269178,353331,55,14,,0 days 03:27:40.543000,True,0.0
726,XBTUSD,Long,2020-10-02 10:37:25.319000+00:00,2020-10-02 13:53:18.636000+00:00,10454.84272171733,10518.804563082249,458164,149,42,,0 days 03:15:53.317000,True,-284.065445
727,XBTUSD,Long,2020-10-02 14:56:59.637000+00:00,2020-10-05 06:16:53.478000+00:00,10564.202600898818,10568.910803770867,858165,252,130,,2 days 15:19:53.841000,True,-3.3630799999999996
728,XBTUSD,Long,2020-10-05 07:05:43.662000+00:00,2020-10-08 03:39:55.968000+00:00,10644.035694191933,10625.06638017762,825765,166,286,,2 days 20:34:12.306000,True,-29.051356
729,XBTUSD,Long,2020-10-08 12:30:47.149000+00:00,2020-10-09 05:18:55.267000+00:00,10654.967933712896,10821.292813381477,1002540,96,46,,0 days 16:48:08.118000,True,0.0
730,XBTUSD,Long,2020-10-09 06:00:18.167000+00:00,2020-10-09 13:32:24.884000+00:00,10941.29439583296,11055.0,111542,19,1,,0 days 07:32:06.717000,True,152.966801
731,XBTUSD,Long,2020-10-09 13:56:08.712000+00:00,2020-10-09 17:03:33.670000+00:00,11081.0,11056.0,35772,1,3,,0 days 03:07:24.958000,True,0.0
732,XBTUSD,Long,2020-10-09 19:05:28.023000+00:00,2020-10-10 02:30:53.578000+00:00,11034.5,11392.0,15772,1,1,,0 days 07:25:25.555000,True,0.0
733,XBTUSD,Long,2020-10-10 23:11:30.758000+00:00,2020-10-11 12:26:28.859000+00:00,11288.25,11359.5,53332,7,7,,0 days 13:14:58.101000,True,0.059254
734,XBTUSD,Long,2020-10-11 16:21:31.675000+00:00,2020-10-12 10:40:42.326000+00:00,11365.5,11325.0,66665,9,26,,0 days 18:19:10.651000,True,0.0
735,XBTUSD,Long,2020-10-12 11:30:32.948000+00:00,2020-10-12 16:36:36.717000+00:00,11252.5,11560.0,13333,2,1,,0 days 05:06:03.769000,True,-0.038262
736,XBTUSD,Long,2020-10-13 08:38:24.259000+00:00,2020-10-15 12:13:09.416000+00:00,11348.037579092346,11309.754002021424,326659,40,17,,2 days 03:34:45.157000,True,-0.9266549999999998
737,XBTUSD,Short,2020-10-15 12:13:09.416000+00:00,2020-10-15 12:23:00.738000+00:00,11300.0,11329.0,-13340,2,1,,0 days 00:09:51.322000,True,0.0
738,XBTUSD,Long,2020-10-15 12:24:38.175000+00:00,2020-10-16 11:35:44.004000+00:00,11332.608519901003,11309.649823778367,866662,82,108,,0 days 23:11:05.829000,True,0.0
739,XBTUSD,Short,2020-10-16 11:53:02.856000+00:00,2020-10-16 12:14:10.269000+00:00,11362.75,11353.5,-213332,11,27,,0 days 00:21:07.413000,True,-44.014265
740,XBTUSD,Long,2020-10-16 12:29:47.244000+00:00,2020-10-17 20:22:08.519000+00:00,11331.809049978438,11329.74426715167,732736,103,34,,1 days 07:52:21.275000,True,-2.09897
741,XBTUSD,Long,2020-10-18 00:47:44.762000+00:00,2020-10-18 08:16:34.710000+00:00,11382.149754702996,11437.5,339996,89,16,,0 days 07:28:49.948000,True,0.0
742,XBTUSD,Long,2020-10-18 08:55:53.777000+00:00,2020-10-18 19:42:24.633000+00:00,11436.25,11443.5,306666,39,16,,0 days 10:46:30.856000,True,2.168618
743,XBTUSD,Long,2020-10-18 20:27:25.884000+00:00,2020-10-19 03:21:30.513000+00:00,11471.086643925071,11443.84904684441,386663,67,52,,0 days 06:54:04.629000,True,0.0
744,XBTUSD,Long,2020-10-19 10:01:38.419000+00:00,2020-10-19 13:39:11.026000+00:00,11475.5,11644.087188233018,459999,21,56,,0 days 03:37:32.607000,True,-11.886333
745,XBTUSD,Long,2020-10-19 14:11:28.818000+00:00,2020-10-19 18:34:42.588000+00:00,11635.5,11739.0,53333,1,1,,0 days 04:23:13.770000,True,0.0
746,XBTUSD,Long,2020-10-19 18:44:30.260000+00:00,2020-10-20 06:04:43.984000+00:00,11689.0,11743.5,106666,2,17,,0 days 11:20:13.724000,True,0.0
747,XBTUSD,Long,2020-10-20 08:43:48.530000+00:00,2020-10-20 15:53:35.071000+00:00,11773.496726586773,11941.0,252336,16,16,,0 days 07:09:46.541000,True,61.574951
748,XBTUSD,Long,2020-10-20 15:54:49.276000+00:00,2020-10-20 16:30:28.127000+00:00,11960.274466907938,11933.0,197011,7,13,,0 days 00:35:38.851000,True,0.0
749,XBTUSD,Long,2020-10-20 17:16:36.543000+00:00,2020-10-20 17:49:29.957000+00:00,11977.5,12013.0,132337,13,1,,0 days 00:32:53.414000,True,0.0
750,XBTUSD,Long,2020-10-20 17:52:32.423000+00:00,2020-10-20 18:03:38.756000+00:00,12005.092381571292,11953.0,132337,45,8,,0 days 00:11:06.333000,True,0.0
751,XBTUSD,Long,2020-10-20 20:19:52.681000+00:00,2020-10-21 06:33:40.579000+00:00,11861.897875742348,12263.454499771586,65670,2,2,,0 days 10:13:47.898000,True,0.0
752,XBTUSD,Long,2020-10-21 07:35:54.484000+00:00,2020-10-21 14:35:22.895000+00:00,12342.239256695666,12755.5,167011,25,6,,0 days 06:59:28.411000,True,35.851521
753,XBTUSD,Long,2020-10-21 17:05:38.097000+00:00,2020-10-22 10:40:54.936000+00:00,12714.971401975487,13056.801243729638,193370,18,34,,0 days 17:35:16.839000,True,0.0
754,XBTUSD,Long,2020-10-22 11:37:33.914000+00:00,2020-10-22 16:57:21.411000+00:00,12863.9375,13072.0,65944,15,5,,0 days 05:19:47.497000,True,81.289048
755,XBTUSD,Long,2020-10-22 20:39:24.169000+00:00,2020-10-22 20:55:32.993000+00:00,13170.25,13120.27914816642,36486,9,29,,0 days 00:16:08.824000,True,0.0
756,XBTUSD,Long,2020-10-22 20:55:38.412000+00:00,2020-10-27 05:23:59.143000+00:00,12965.648917028597,13069.37560212082,177290,47,39,,4 days 08:28:20.731000,True,6.037197000000001
757,XBTUSD,Long,2020-10-27 05:28:44.856000+00:00,2020-10-27 11:30:35.894000+00:00,13089.25,13487.852634281606,28486,2,6,,0 days 06:01:51.038000,True,0.0
758,XBTUSD,Short,2020-10-27 11:30:35.894000+00:00,2020-10-27 16:19:40.516000+00:00,13587.625,13588.0,-84210,4,16,,0 days 04:49:04.622000,True,15.805527
759,XBTUSD,Short,2020-10-27 16:45:29.839000+00:00,2020-10-28 11:31:23.559000+00:00,13697.59599355748,13515.689920978457,-115387,28,26,,0 days 18:45:53.720000,True,0.0
760,XBTUSD,Short,2020-10-28 11:44:56.279000+00:00,2020-10-28 12:42:49.326000+00:00,13412.5,13226.5,-5980,1,1,,0 days 00:57:53.047000,True,18.596946
761,XBTUSD,Short,2020-10-29 14:40:01.925000+00:00,2020-10-30 15:35:47.079000+00:00,13577.58093694047,13453.283406560491,-744487,74,82,,1 days 00:55:45.154000,True,38.21128
762,XBTUSD,Short,2020-10-30 16:21:04.452000+00:00,2020-10-30 20:43:14.795000+00:00,13565.048136083966,13657.0,-33156,4,2,,0 days 04:22:10.343000,True,0.0
763,XBTUSD,Long,2020-10-30 20:43:14.795000+00:00,2020-10-30 22:31:42.125000+00:00,13593.546087798757,13590.854745914037,300174,18,30,,0 days 01:48:27.330000,True,0.0
764,XBTUSD,Long,2020-10-30 22:39:55.027000+00:00,2020-10-30 22:40:47.767000+00:00,13570.5,13584.5,11110,2,3,,0 days 00:00:52.740000,True,0.0
765,XBTUSD,Short,2020-10-31 09:54:58.223000+00:00,2020-11-02 00:39:46.607000+00:00,13728.159533638438,13791.270787776473,-379105,27,37,,1 days 14:44:48.384000,True,6.406229000000001
766,XBTUSD,Short,2020-11-02 02:08:15.337000+00:00,2020-11-04 10:47:06.739000+00:00,13723.079410865515,13798.4378114423,-344015,52,73,,2 days 08:38:51.402000,True,-0.6547350000000005
767,XBTUSD,Short,2020-11-04 11:05:50.204000+00:00,2020-11-04 16:17:34.029000+00:00,13751.234384946401,14029.193819545235,-314184,61,28,,0 days 05:11:43.825000,True,-53.989018
768,XBTUSD,Short,2020-11-04 17:04:20.121000+00:00,2020-11-04 22:30:19.696000+00:00,14238.0,14197.0,-5555,1,6,,0 days 05:25:59.575000,True,0.0
769,XBTUSD,Long,2020-11-05 00:22:11.999000+00:00,2020-11-05 00:42:26.509000+00:00,14147.0,14114.5,4666,2,1,,0 days 00:20:14.510000,True,0.0
770,XBTUSD,Short,2020-11-05 14:16:19.346000+00:00,2020-11-05 23:12:07.395000+00:00,15098.776438725616,15728.199999999999,-352986,62,1,,0 days 08:55:48.049000,True,0.0
771,XBTUSD,Short,2020-11-05 23:18:19.825000+00:00,2020-11-06 01:13:14.089000+00:00,15718.771641934196,15956.746147377718,-718663,66,65,,0 days 01:54:54.264000,True,0.0
772,XBTUSD,Short,2020-11-06 20:10:53.722000+00:00,2020-11-07 13:59:15.797000+00:00,15403.369643032725,15407.166666666666,-477999,37,20,,0 days 17:48:22.075000,True,4.705755
773,XBTUSD,Short,2020-11-07 14:16:35.626000+00:00,2020-11-07 22:36:45.818000+00:00,15446.637912422411,15053.915045847376,-318666,16,29,,0 days 08:20:10.192000,True,0.0
774,XBTUSD,Long,2020-11-07 22:37:26.115000+00:00,2020-11-09 03:06:45.061000+00:00,14788.5,15446.5,9999,3,1,,1 days 04:29:18.946000,True,42.485642
775,XBTUSD,Long,2020-11-09 13:52:41.018000+00:00,2020-11-09 15:07:37.930000+00:00,15229.0,15074.5,22333,2,4,,0 days 01:14:56.912000,True,0.0
776,XBTUSD,Long,2020-11-09 15:16:00.812000+00:00,2020-11-09 17:52:21.902000+00:00,15016.659936406995,15208.0,15725,8,1,,0 days 02:36:21.090000,True,0.0
777,XBTUSD,Long,2020-11-10 05:26:40.525000+00:00,2020-11-13 05:14:05.931000+00:00,15458.164150112661,16332.625246043874,295424,36,17,,2 days 23:47:25.406000,True,1.8201019999999999
778,XBTUSD,Short,2020-11-14 16:48:38.566000+00:00,2020-11-15 08:17:55.567000+00:00,15851.666666666666,16045.971125529173,-160392,7,12,,0 days 15:29:17.001000,True,0.0
779,XBTUSD,Long,2020-11-15 08:17:55.567000+00:00,2020-11-15 20:26:30.184000+00:00,16144.43686006826,15839.681542493448,80130,4,43,,0 days 12:08:34.617000,True,-13.39483
780,XBTUSD,Short,2020-11-15 20:26:46.379000+00:00,2020-11-16 01:06:47.636000+00:00,15836.8,15974.95,-222220,41,8,,0 days 04:40:01.257000,True,0.0
781,XBTUSD,Long,2020-11-16 01:06:58.472000+00:00,2020-11-16 16:06:40.853000+00:00,16080.620763504414,16527.32766908574,106928,15,8,,0 days 14:59:42.381000,True,-24.936731
782,XBTUSD,Short,2020-11-16 17:15:06.821000+00:00,2020-11-17 16:45:12.824000+00:00,17194.731787935834,17462.250153990302,-354340,21,46,,0 days 23:30:06.003000,True,17.779347
783,XBTUSD,Long,2020-11-18 02:03:54.075000+00:00,2020-11-18 08:47:30.073000+00:00,17737.0,18223.0,3364,1,4,,0 days 06:43:35.998000,True,0.0
784,XBTUSD,Short,2020-11-19 08:46:11.520000+00:00,2020-11-19 13:33:55.026000+00:00,17565.110610137446,17987.5,-55004,15,7,,0 days 04:47:43.506000,True,0.059012
785,XBTUSD,Short,2020-11-19 16:07:59.430000+00:00,2020-11-20 04:42:59.559000+00:00,17975.5,18244.0,-12728,3,1,,0 days 12:35:00.129000,True,0.0
786,XBTUSD,Short,2020-11-20 09:36:58.793000+00:00,2020-11-20 14:25:18.686000+00:00,18139.862372902608,18399.532660610068,-175456,16,81,,0 days 04:48:19.893000,True,-9.426596
787,XBTUSD,Short,2020-11-20 14:43:45.273000+00:00,2020-11-21 02:05:28.553000+00:00,18579.00993953974,18894.5,-379092,40,12,,0 days 11:21:43.280000,True,0.0
788,XBTUSD,Short,2020-11-21 02:41:52.184000+00:00,2020-11-23 10:26:40.975000+00:00,18734.51038691573,18699.89652421305,-360983,29,9,,2 days 07:44:48.791000,True,-47.661789999999996
789,XBTUSD,Short,2020-11-23 17:26:16.790000+00:00,2020-11-24 09:22:46.335000+00:00,18532.40625,18758.943832359277,-505104,34,45,,0 days 15:56:29.545000,True,0.0
790,XBTUSD,Short,2020-11-24 09:37:31.814000+00:00,2020-11-24 12:36:22.969000+00:00,19055.416666666668,19234.0,-189414,9,13,,0 days 02:58:51.155000,True,-34.000454
791,XBTUSD,Short,2020-11-24 16:15:11.428000+00:00,2020-11-25 05:01:52.001000+00:00,18906.83271449118,18729.5,-136276,16,5,,0 days 12:46:40.573000,True,0.0
792,XBTUSD,Short,2020-11-25 05:02:53.980000+00:00,2020-11-25 11:44:05.069000+00:00,18884.327858858967,19328.01225381799,-250983,24,12,,0 days 06:41:11.089000,True,0.0
793,XBTUSD,Short,2020-11-25 14:29:20.200000+00:00,2020-11-25 15:39:09.050000+00:00,19232.428571428572,19337.0,-430843,32,12,,0 days 01:09:48.850000,True,0.0
794,XBTUSD,Short,2020-11-25 15:48:42.683000+00:00,2020-11-26 03:39:09.092000+00:00,18738.6990901319,17608.478747862726,-327520,25,35,,0 days 11:50:26.409000,True,0.0
795,XBTUSD,Short,2020-11-26 05:51:37.972000+00:00,2020-11-26 08:15:57.353000+00:00,17960.625,17409.29068125,-80000,6,19,,0 days 02:24:19.381000,True,0.0
796,XBTUSD,Long,2020-11-26 08:31:45.596000+00:00,2020-11-26 10:46:43.232000+00:00,16870.25476111111,17141.0,90000,15,10,,0 days 02:14:57.636000,True,0.0
797,XBTUSD,Long,2020-11-26 11:59:39.503000+00:00,2020-11-26 13:46:55.070000+00:00,17168.81225,17234.5,24000,5,1,,0 days 01:47:15.567000,True,116.159619
798,XBTUSD,Long,2020-11-26 17:01:29.742000+00:00,2020-11-27 02:06:54.663000+00:00,16444.0,17241.0,54000,3,3,,0 days 09:05:24.921000,True,0.0
799,XBTUSD,Short,2020-11-28 04:44:44.987000+00:00,2020-11-28 10:49:45.480000+00:00,16934.0,17248.0,-22000,3,2,,0 days 06:05:00.493000,True,0.0
800,XBTUSD,Short,2020-11-28 12:36:16.625000+00:00,2020-11-30 14:53:19.046000+00:00,18778.134933001813,19137.42151613268,-1186686,375,187,,2 days 02:17:02.421000,True,-70.729229
801,XBTUSD,Long,2020-11-30 14:56:09.826000+00:00,2020-12-01 03:28:07.956000+00:00,19273.243944636677,19594.608956491094,249696,34,29,,0 days 12:31:58.130000,True,0.0
802,XBTUSD,Long,2020-12-01 03:55:55.191000+00:00,2020-12-01 13:59:26.993000+00:00,18883.676515145955,18837.312660003292,887420,119,121,,0 days 10:03:31.802000,True,-261.798079
803,XBTUSD,Short,2020-12-01 13:59:26.993000+00:00,2020-12-01 14:23:27.499000+00:00,18874.586592249314,18902.671441499675,-132488,15,11,,0 days 00:24:00.506000,True,0.0
804,XBTUSD,Long,2020-12-01 14:29:02.977000+00:00,2020-12-01 14:42:17.949000+00:00,18863.0,19223.0,32212,1,3,,0 days 00:13:14.972000,True,0.0
805,XBTUSD,Short,2020-12-01 14:50:29.199000+00:00,2020-12-01 16:15:37.605000+00:00,19378.531649919812,19249.727959787764,-344424,54,38,,0 days 01:25:08.406000,True,0.0
806,XBTUSD,Long,2020-12-01 16:15:37.605000+00:00,2020-12-04 14:27:17.648000+00:00,18759.8942699686,19048.846661017105,397604,75,83,,2 days 22:11:40.043000,True,52.263511
807,XBTUSD,Short,2020-12-04 14:27:17.648000+00:00,2020-12-07 06:08:57.253000+00:00,19014.994061485246,19213.30373393436,-145554,46,12,,2 days 15:41:39.605000,True,0.24487700000000023
808,XBTUSD,Long,2020-12-07 06:08:57.253000+00:00,2020-12-07 12:00:14.410000+00:00,19368.62068918556,19040.4,216111,12,1,,0 days 05:51:17.157000,True,-11.923654
809,XBTUSD,Short,2020-12-07 12:03:25.850000+00:00,2020-12-09 13:55:06.142000+00:00,19033.504873028167,18093.875475889618,-245330,26,24,,2 days 01:51:40.292000,True,33.563601000000006
810,XBTUSD,Short,2020-12-10 09:53:27.583000+00:00,2020-12-10 18:12:06.951000+00:00,18229.324888596846,18209.087007658793,-181099,25,11,,0 days 08:18:39.368000,True,12.752148
811,XBTUSD,Short,2020-12-10 18:48:20.048000+00:00,2020-12-10 18:48:54.422000+00:00,18300.0,18302.0,-22222,2,1,,0 days 00:00:34.374000,True,0.0
812,XBTUSD,Long,2020-12-11 01:01:51.050000+00:00,2020-12-11 09:43:42.365000+00:00,17824.25,17779.5,51998,2,4,,0 days 08:41:51.315000,True,0.0
813,XBTUSD,Long,2020-12-12 21:41:21.823000+00:00,2020-12-16 21:46:56.224000+00:00,19509.29344667021,21148.0,127996,9,4,,4 days 00:05:34.401000,True,-0.316166
814,XBTUSD,Long,2020-12-16 22:52:43.106000+00:00,2020-12-17 08:36:50.090000+00:00,22146.307542301693,22738.0,16666,9,1,,0 days 09:44:06.984000,True,0.0
815,XBTUSD,Long,2020-12-17 09:41:46.320000+00:00,2020-12-17 13:22:35.946000+00:00,22382.5,23156.5,2222,2,1,,0 days 03:40:49.626000,True,52.088225
816,XBTUSD,Long,2020-12-17 20:46:25.902000+00:00,2020-12-21 16:10:20.965000+00:00,23383.35542614945,22908.508412420528,271325,85,20,,3 days 19:23:55.063000,True,-0.15826099999999996
817,XBTUSD,Long,2020-12-21 17:25:09.585000+00:00,2020-12-21 22:05:28.063000+00:00,22747.5,23107.68406820246,24222,7,10,,0 days 04:40:18.478000,True,0.0
818,XBTUSD,Long,2020-12-21 23:57:20.972000+00:00,2020-12-23 20:49:50.122000+00:00,22645.5,23474.5,36333,3,1,,1 days 20:52:29.150000,True,-22.551631999999998
819,XBTUSD,Long,2020-12-23 22:14:30.283000+00:00,2020-12-25 20:33:17.159000+00:00,23328.516333260457,24383.5,54888,10,2,,1 days 22:18:46.876000,True,5.347238
820,XBTUSD,Long,2020-12-25 21:16:23.465000+00:00,2020-12-26 08:45:34.832000+00:00,24252.5,24899.5,10222,2,1,,0 days 11:29:11.367000,True,0.0
821,XBTUSD,Long,2020-12-26 09:28:19.089000+00:00,2020-12-26 16:11:27.155000+00:00,24721.5,25750.1149489949,13332,2,3,,0 days 06:43:08.066000,True,10.968656
822,XBTUSD,Long,2020-12-27 21:17:09.916000+00:00,2020-12-29 02:15:37.391000+00:00,25999.5,26765.0,6666,3,3,,1 days 04:58:27.475000,True,-0.016362
823,XBTUSD,Short,2020-12-31 04:03:40.549000+00:00,2021-01-02 12:21:01.235000+00:00,29557.31995391373,30332.684229855262,-69435,25,4,,2 days 08:17:20.686000,True,-0.054915000000000005
824,XBTUSD,Short,2021-01-02 12:33:01.573000+00:00,2021-01-02 15:53:31.562000+00:00,30879.539089544054,31909.0,-111219,10,3,,0 days 03:20:29.989000,True,0.0
825,XBTUSD,Long,2021-01-02 16:07:48.436000+00:00,2021-01-02 18:14:23.769000+00:00,32070.0,32694.194830219716,42555,4,11,,0 days 02:06:35.333000,True,0.0
826,XBTUSD,Short,2021-01-02 20:12:50.757000+00:00,2021-01-02 20:25:22.913000+00:00,32813.13362386447,32352.12439058609,-285110,16,21,,0 days 00:12:32.156000,True,0.0
827,XBTUSD,Short,2021-01-02 20:36:17.382000+00:00,2021-01-02 21:52:13.779000+00:00,32339.473260612864,31444.08608957946,-427665,35,54,,0 days 01:15:56.397000,True,0.0
828,XBTUSD,Short,2021-01-03 10:24:57.874000+00:00,2021-01-03 13:03:44.787000+00:00,33812.0,34290.0,-32555,4,1,,0 days 02:38:46.913000,True,31.080247
829,XBTUSD,Long,2021-01-03 17:22:17.147000+00:00,2021-01-04 10:55:48.900000+00:00,30462.79250636885,30213.5,263784,32,5,,0 days 17:33:31.753000,True,0.0
830,XBTUSD,Long,2021-01-04 10:58:27.489000+00:00,2021-01-04 11:28:50.073000+00:00,29832.875,30254.5,89912,11,1,,0 days 00:30:22.584000,True,0.0
831,XBTUSD,Long,2021-01-04 11:31:09.155000+00:00,2021-01-04 12:23:01.471000+00:00,30055.5,31090.5,22478,3,1,,0 days 00:51:52.316000,True,-3.091892
832,XBTUSD,Short,2021-01-04 19:51:15.017000+00:00,2021-01-05 18:42:23.975000+00:00,32425.653372906785,33116.31966154448,-363230,64,61,,0 days 22:51:08.958000,True,7.731249
833,XBTUSD,Long,2021-01-05 18:43:07.595000+00:00,2021-01-05 19:05:33.019000+00:00,33387.0,33455.5,11555,1,3,,0 days 00:22:25.424000,True,0.0
834,XBTUSD,Long,2021-01-06 05:46:47.662000+00:00,2021-01-06 07:45:48.465000+00:00,34965.0,34626.1,112000,1,1,,0 days 01:59:00.803000,True,0.0
835,XBTUSD,Long,2021-01-06 07:49:25.966000+00:00,2021-01-06 19:34:50.621000+00:00,34706.04842424242,35623.0,132000,29,6,,0 days 11:45:24.655000,True,-43.961536
836,XBTUSD,Long,2021-01-06 20:04:24.564000+00:00,2021-01-06 20:19:05.852000+00:00,34333.0,34665.0,12000,1,1,,0 days 00:14:41.288000,True,0.0
837,XBTUSD,Short,2021-01-07 19:40:30.950000+00:00,2021-01-08 09:52:52.272000+00:00,38850.41048034935,39095.95009606987,-458000,66,37,,0 days 14:12:21.322000,True,0.0
838,XBTUSD,Long,2021-01-08 10:37:00.960000+00:00,2021-01-08 20:48:08.997000+00:00,40256.0,38989.544001044,111111,7,5,,0 days 10:11:08.037000,True,-7.513998
839,XBTUSD,Long,2021-01-08 20:53:38.971000+00:00,2021-01-08 21:02:50.052000+00:00,39365.2574047574,38675.340767340764,111111,15,8,,0 days 00:09:11.081000,True,0.0
840,XBTUSD,Long,2021-01-08 21:05:25.835000+00:00,2021-01-08 21:24:14.972000+00:00,39245.82600822601,39662.4087948088,555555,42,52,,0 days 00:18:49.137000,True,0.0
841,XBTUSD,Long,2021-01-08 21:54:56.796000+00:00,2021-01-08 22:04:01.725000+00:00,39697.5,39981.551880424304,15555,1,2,,0 days 00:09:04.929000,True,0.0
842,XBTUSD,Long,2021-01-09 02:45:30.854000+00:00,2021-01-09 07:00:18.977000+00:00,39221.75,38832.48323690132,62220,4,10,,0 days 04:14:48.123000,True,0.0
843,XBTUSD,Long,2021-01-09 18:07:50.841000+00:00,2021-01-10 18:28:25.046000+00:00,38846.19654993982,38137.175671668694,171997,8,21,,1 days 00:20:34.205000,True,-0.102995
844,XBTUSD,Long,2021-01-10 19:59:08.444000+00:00,2021-01-10 20:53:26.744000+00:00,35720.3047836023,37436.209221588986,354440,9,21,,0 days 00:54:18.300000,True,0.0
845,XBTUSD,Short,2021-01-10 21:05:41.216000+00:00,2021-01-11 00:02:00.843000+00:00,38409.15901753896,37994.41555446859,-251110,18,17,,0 days 02:56:19.627000,True,0.0
846,XBTUSD,Long,2021-01-11 00:20:35.232000+00:00,2021-01-11 00:43:21.256000+00:00,37836.896431374604,37408.5,95555,18,1,,0 days 00:22:46.024000,True,0.0
847,XBTUSD,Long,2021-01-11 00:45:16.855000+00:00,2021-01-11 04:18:35.709000+00:00,35182.02597402597,35446.25280493065,855547,48,59,,0 days 03:33:18.854000,True,0.0
848,XBTUSD,Long,2021-01-11 04:21:52.312000+00:00,2021-01-11 17:39:14.847000+00:00,32374.76994071864,32222.638280483818,815546,123,225,,0 days 13:17:22.535000,True,62.064201
849,XBTUSD,Long,2021-01-11 17:45:09.951000+00:00,2021-01-11 18:50:15.642000+00:00,32500.35301855442,33166.0,72220,5,7,,0 days 01:05:05.691000,True,0.0
850,XBTUSD,Long,2021-01-11 18:51:57.740000+00:00,2021-01-12 06:31:16.083000+00:00,32349.96191636535,35202.48365173855,457770,50,56,,0 days 11:39:18.343000,True,0.0
851,XBTUSD,Short,2021-01-12 06:31:16.083000+00:00,2021-01-12 12:54:19.805000+00:00,36177.310422208444,35490.47156981524,-231110,19,38,,0 days 06:23:03.722000,True,110.751799
852,XBTUSD,Long,2021-01-12 13:25:08.247000+00:00,2021-01-13 05:26:51.545000+00:00,33419.80170625943,33550.31102796148,1152912,104,136,,0 days 16:01:43.298000,True,0.0
853,XBTUSD,Long,2021-01-13 05:27:50.940000+00:00,2021-01-13 05:37:35.582000+00:00,33016.25,33195.777597724955,282016,13,12,,0 days 00:09:44.642000,True,0.0
854,XBTUSD,Long,2021-01-13 05:53:40.164000+00:00,2021-01-13 21:51:43.903000+00:00,33741.852339749275,36448.46188061837,679016,42,56,,0 days 15:58:03.739000,True,26.466542
855,XBTUSD,Short,2021-01-13 21:51:43.903000+00:00,2021-01-15 06:11:54.905000+00:00,38793.483229858924,38557.93049359345,-808490,387,284,,1 days 08:20:11.002000,True,161.470481
856,XBTUSD,Short,2021-01-15 06:15:16.128000+00:00,2021-01-15 12:41:39.739000+00:00,38224.4480451036,37927.087808970864,-443582,66,101,,0 days 06:26:23.611000,True,54.997476
857,XBTUSD,Short,2021-01-15 13:05:57.734000+00:00,2021-01-15 14:25:02.481000+00:00,37888.0,37207.0,-11537,1,1,,0 days 01:19:04.747000,True,0.0
858,XBTUSD,Long,2021-01-15 14:25:04.799000+00:00,2021-01-15 16:27:39.983000+00:00,36236.74978616138,35825.43700734528,1788807,111,153,,0 days 02:02:35.184000,True,0.0
859,XBTUSD,Short,2021-01-15 16:27:39.983000+00:00,2021-01-15 17:13:22.666000+00:00,36073.44125481949,35576.30667391076,-1041933,48,63,,0 days 00:45:42.683000,True,0.0
860,XBTUSD,Long,2021-01-15 17:13:22.666000+00:00,2021-01-15 22:41:59.762000+00:00,35661.76650371882,35908.98327957441,3110714,684,612,,0 days 05:28:37.096000,True,0.0
861,XBTUSD,Long,2021-01-15 22:43:07.197000+00:00,2021-01-15 23:32:55.494000+00:00,36514.343424253675,36616.58247860179,1973196,182,121,,0 days 00:49:48.297000,True,0.0
862,XBTUSD,Short,2021-01-15 23:32:55.494000+00:00,2021-01-15 23:35:21.664000+00:00,36654.26597375149,36642.444428228184,-323475,6,20,,0 days 00:02:26.170000,True,0.0
863,XBTUSD,Long,2021-01-15 23:35:21.664000+00:00,2021-01-15 23:44:51.438000+00:00,36665.5,36825.0,46524,1,8,,0 days 00:09:29.774000,True,0.0
864,XBTUSD,Short,2021-01-15 23:44:51.438000+00:00,2021-01-15 23:52:37.818000+00:00,36825.0,36722.0,-76809,1,14,,0 days 00:07:46.380000,True,0.0
865,XBTUSD,Long,2021-01-15 23:52:37.818000+00:00,2021-01-16 00:15:49.998000+00:00,36683.8856752589,37213.902670623145,293190,4,5,,0 days 00:23:12.180000,True,0.0
866,XBTUSD,Short,2021-01-16 00:38:36.967000+00:00,2021-01-16 02:50:06.378000+00:00,37317.25,36748.79784854069,-233330,15,19,,0 days 02:11:29.411000,True,0.0
867,XBTUSD,Long,2021-01-16 02:52:08.822000+00:00,2021-01-16 08:35:06.542000+00:00,36183.44957512349,36826.062371841996,309554,42,50,,0 days 05:42:57.720000,True,0.0
868,XBTUSD,Short,2021-01-16 08:35:06.542000+00:00,2021-01-16 19:02:29.875000+00:00,37725.10531534809,36680.02372169696,-527327,36,37,,0 days 10:27:23.333000,True,272.908362
869,XBTUSD,Long,2021-01-16 19:02:29.875000+00:00,2021-01-17 06:05:39.558000+00:00,36055.64091401192,35708.30377464275,1813875,243,300,,0 days 11:03:09.683000,True,0.0
870,XBTUSD,Long,2021-01-17 06:11:40.492000+00:00,2021-01-17 06:15:51.582000+00:00,35699.5,35655.0,124222,9,7,,0 days 00:04:11.090000,True,0.0
871,XBTUSD,Long,2021-01-17 06:21:34.502000+00:00,2021-01-17 09:12:41.025000+00:00,34883.72967274243,34726.59392543559,2850290,359,585,,0 days 02:51:06.523000,True,0.0
872,XBTUSD,Long,2021-01-17 09:30:51.337000+00:00,2021-01-17 10:28:41.477000+00:00,34235.14941505973,34451.36637177644,1480664,64,112,,0 days 00:57:50.140000,True,0.0
873,XBTUSD,Short,2021-01-17 12:27:32.607000+00:00,2021-01-17 14:00:56.150000+00:00,35410.84346593466,34925.09027090271,-44444,13,22,,0 days 01:33:23.543000,True,0.0
874,XBTUSD,Long,2021-01-17 14:00:58.239000+00:00,2021-01-17 14:40:42.495000+00:00,34870.125,35099.1660797858,88888,8,8,,0 days 00:39:44.256000,True,0.0
875,XBTUSD,Long,2021-01-17 14:59:56.470000+00:00,2021-01-17 15:06:33.964000+00:00,34790.25,34926.2232697327,44444,2,7,,0 days 00:06:37.494000,True,0.0
876,XBTUSD,Short,2021-01-18 12:06:37.022000+00:00,2021-01-18 17:53:04.345000+00:00,37258.549226210074,35707.702266491055,-91110,5,11,,0 days 05:46:27.323000,True,0.0
877,XBTUSD,Short,2021-01-18 23:22:12.610000+00:00,2021-01-20 10:48:35.690000+00:00,37178.9447869601,35015.85827574296,-641104,42,47,,1 days 11:26:23.080000,True,11.070361
878,XBTUSD,Long,2021-01-20 11:16:37.835000+00:00,2021-01-20 23:20:51.513000+00:00,34010.567879900154,34493.216165600395,604440,54,88,,0 days 12:04:13.678000,True,120.551187
879,XBTUSD,Short,2021-01-20 23:20:51.513000+00:00,2021-01-21 12:04:56.004000+00:00,34489.771444157144,33470.46827135675,-256188,89,75,,0 days 12:44:04.491000,True,131.795282
880,XBTUSD,Long,2021-01-21 12:04:56.004000+00:00,2021-01-22 05:44:03.347000+00:00,30283.541161247773,30402.666111105784,3429344,423,404,,0 days 17:39:07.343000,True,0.0
881,XBTUSD,Short,2021-01-22 06:01:15.040000+00:00,2021-01-22 07:30:25.605000+00:00,31843.50403459429,31276.885204612572,-355550,31,37,,0 days 01:29:10.565000,True,0.0
882,XBTUSD,Long,2021-01-22 07:34:42.605000+00:00,2021-01-24 13:01:58.355000+00:00,32016.03012179471,32474.856143321562,1691090,251,172,,2 days 05:27:15.750000,True,206.83236
883,XBTUSD,Long,2021-01-24 13:06:53.382000+00:00,2021-01-26 03:26:14.618000+00:00,32259.188818563827,32318.242332531554,2646660,433,702,,1 days 14:19:21.236000,True,238.427542
884,XBTUSD,Short,2021-01-26 03:26:14.618000+00:00,2021-01-28 05:48:43.052000+00:00,30999.375114636998,31059.55847409882,-409318,196,267,,2 days 02:22:28.434000,True,-194.462929
885,XBTUSD,Short,2021-01-28 06:10:29.152000+00:00,2021-01-28 22:41:06.454000+00:00,31311.12397053162,32691.346849032692,-804746,119,102,,0 days 16:30:37.302000,True,-8.372869
886,XBTUSD,Long,2021-01-28 23:44:17.509000+00:00,2021-01-29 02:05:03.564000+00:00,33488.74183752649,33908.5,134028,29,5,,0 days 02:20:46.055000,True,0.0
887,XBTUSD,Long,2021-01-29 02:38:53.467000+00:00,2021-01-29 06:44:18.057000+00:00,33091.26481905433,32801.25331873457,2053450,142,158,,0 days 04:05:24.590000,True,0.0
888,XBTUSD,Short,2021-01-29 06:44:18.057000+00:00,2021-01-29 06:57:23.775000+00:00,32589.5,32444.0,-54606,7,1,,0 days 00:13:05.718000,True,0.0
889,XBTUSD,Long,2021-01-29 06:57:23.775000+00:00,2021-01-29 08:13:42.661000+00:00,32159.086269762793,32502.580325719668,2469492,126,194,,0 days 01:16:18.886000,True,0.0
890,XBTUSD,Long,2021-01-29 08:18:30.298000+00:00,2021-01-29 09:21:16.102000+00:00,32249.480606087905,35386.69602588858,2229422,106,165,,0 days 01:02:45.804000,True,0.0
891,XBTUSD,Long,2021-01-29 17:59:13.567000+00:00,2021-01-31 15:30:54.549000+00:00,33922.60901259942,33830.459430994015,2317758,597,639,,1 days 21:31:40.982000,True,-34.229417
892,XBTUSD,Short,2021-01-31 15:36:56.365000+00:00,2021-01-31 15:52:34.779000+00:00,32572.5,32843.54572396812,-78788,1,7,,0 days 00:15:38.414000,True,0.0
893,XBTUSD,Long,2021-02-01 01:42:22.423000+00:00,2021-02-02 15:52:38.934000+00:00,33581.84923141565,34851.125,211818,37,18,,1 days 14:10:16.511000,True,-63.685928000000004
894,XBTUSD,Short,2021-02-02 15:52:38.934000+00:00,2021-02-02 20:03:58.344000+00:00,34908.470669423274,35827.7669883046,-346974,48,31,,0 days 04:11:19.410000,True,0.0
895,XBTUSD,Long,2021-02-02 20:04:15.047000+00:00,2021-02-04 05:50:08.763000+00:00,36156.54125435424,36639.320806062235,2777571,502,527,,1 days 09:45:53.716000,True,-15.597485
896,XBTUSD,Short,2021-02-04 08:14:53.842000+00:00,2021-02-04 12:02:32.265000+00:00,38288.84660846608,37315.73322233222,-22222,4,7,,0 days 03:47:38.423000,True,250.767781
897,XBTUSD,Long,2021-02-04 12:02:33.275000+00:00,2021-02-04 12:39:16.421000+00:00,37225.5,37752.5,11111,2,4,,0 days 00:36:43.146000,True,0.0
898,XBTUSD,Short,2021-02-04 13:36:21.702000+00:00,2021-02-04 18:18:38.578000+00:00,37360.05636384208,36934.79579622437,-777777,39,38,,0 days 04:42:16.876000,True,0.0
899,XBTUSD,Short,2021-02-04 18:19:33.036000+00:00,2021-02-05 02:01:47.798000+00:00,37523.6124144252,36948.64224859955,-279999,34,22,,0 days 07:42:14.762000,True,0.0
900,XBTUSD,Long,2021-02-05 02:01:47.798000+00:00,2021-02-05 09:58:46.092000+00:00,36803.829897061405,37265.75580106787,476464,21,23,,0 days 07:56:58.294000,True,0.0
901,XBTUSD,Short,2021-02-05 14:59:46.939000+00:00,2021-02-06 16:02:04.199000+00:00,39016.105526102925,40246.202871795205,-2267653,190,288,,1 days 01:02:17.260000,True,-29.568169
902,XBTUSD,Long,2021-02-06 16:02:04.199000+00:00,2021-02-06 16:10:14.420000+00:00,41007.0,40900.0,128998,7,13,,0 days 00:08:10.221000,True,0.0
903,XBTUSD,Short,2021-02-06 16:10:14.420000+00:00,2021-02-07 00:00:12.792000+00:00,40676.76604444483,39967.08376026572,-991000,119,108,,0 days 07:49:58.372000,True,0.0
904,XBTUSD,Long,2021-02-07 00:00:12.792000+00:00,2021-02-07 04:34:10.538000+00:00,38822.5023051689,38095.2,962322,31,1,,0 days 04:33:57.746000,True,0.0
905,XBTUSD,Long,2021-02-07 04:36:41.586000+00:00,2021-02-13 11:17:13.356000+00:00,40421.34167963115,41387.6977974613,3446097,660,694,,6 days 06:40:31.770000,True,246.976041
906,XBTUSD,Short,2021-02-13 11:22:00.114000+00:00,2021-02-14 05:50:56.710000+00:00,46943.38649078205,48179.642356411416,-1011444,64,70,,0 days 18:28:56.596000,True,168.032749
907,XBTUSD,Long,2021-02-14 05:50:56.710000+00:00,2021-02-22 14:39:55.827000+00:00,49975.46144418469,52742.80809744632,2642558,290,395,,8 days 08:48:59.117000,True,352.703022
908,XBTUSD,Short,2021-02-22 15:00:07.665000+00:00,2021-02-22 16:30:09.142000+00:00,53359.835287626025,53567.76842274437,-466665,42,37,,0 days 01:30:01.477000,True,0.0
909,XBTUSD,Long,2021-02-22 17:09:30.901000+00:00,2021-02-27 12:42:10.185000+00:00,47566.11014943762,47718.3670517641,3727695,863,1011,,4 days 19:32:39.284000,True,180.00842199999997
910,XBTUSD,Long,2021-02-27 19:59:51.385000+00:00,2021-03-03 08:08:52.295000+00:00,45537.75819962167,49057.27114969697,511106,47,69,,3 days 12:09:00.910000,True,79.836273
911,XBTUSD,Short,2021-03-03 08:08:52.295000+00:00,2021-03-03 09:58:04.633000+00:00,50174.5,51507.0,-37909,2,4,,0 days 01:49:12.338000,True,0.0
912,XBTUSD,Short,2021-03-03 11:23:17.332000+00:00,2021-03-04 00:00:27.022000+00:00,52089.98035876576,50642.41421013989,-453332,21,32,,0 days 12:37:09.690000,True,35.715495
913,XBTUSD,Long,2021-03-04 00:00:27.022000+00:00,2021-03-10 00:18:26.684000+00:00,49604.77594457337,50432.68654597953,1453326,440,409,,6 days 00:17:59.662000,True,84.98559600000002
914,XBTUSD,Short,2021-03-10 00:18:26.684000+00:00,2021-03-10 02:10:00.623000+00:00,55666.0,53666.0,-12225,1,1,,0 days 01:51:33.939000,True,0.0
915,XBTUSD,Long,2021-03-10 02:10:00.623000+00:00,2021-03-10 21:03:34.859000+00:00,53425.46425876599,56201.36820953637,207773,5,18,,0 days 18:53:34.236000,True,83.535225
916,XBTUSD,Long,2021-03-10 21:04:42.597000+00:00,2021-03-22 19:33:47.007000+00:00,57291.50889524822,56980.291678519985,7663279,877,1082,,11 days 22:29:04.410000,True,-45.165446
917,XBTUSD,Short,2021-03-22 19:59:04.684000+00:00,2021-03-24 00:20:11.630000+00:00,55515.69580938139,54433.94319599297,-1454613,91,169,,1 days 04:21:06.946000,True,-184.103607
918,XBTUSD,Long,2021-03-24 00:20:11.630000+00:00,2021-03-24 12:09:07.157000+00:00,55021.809498378505,56704.60714617348,1100938,32,58,,0 days 11:48:55.527000,True,77.211038
919,XBTUSD,Short,2021-03-24 12:09:07.157000+00:00,2021-03-24 13:48:48.842000+00:00,56999.0,56444.0,-65724,1,1,,0 days 01:39:41.685000,True,0.0
920,XBTUSD,Long,2021-03-24 13:48:48.842000+00:00,2021-03-25 01:13:29.984000+00:00,54463.36235127484,53347.35041607104,2412043,187,176,,0 days 11:24:41.142000,True,0.0
921,XBTUSD,Short,2021-03-25 06:14:42.027000+00:00,2021-03-25 09:56:05.124000+00:00,53160.0,52867.0,-116666,3,1,,0 days 03:41:23.097000,True,0.0
922,XBTUSD,Long,2021-03-25 15:00:36.070000+00:00,2021-03-25 19:42:41.715000+00:00,51727.21876945954,52318.153629853536,1066662,92,104,,0 days 04:42:05.645000,True,0.0
923,XBTUSD,Long,2021-03-25 22:46:44.810000+00:00,2021-03-26 07:49:12.584000+00:00,51674.48042045918,53267.44275606124,117776,16,14,,0 days 09:02:27.774000,True,0.0
924,XBTUSD,Short,2021-03-26 07:49:12.584000+00:00,2021-03-26 16:19:38.141000+00:00,53548.49615628322,53440.49558839163,-564420,30,49,,0 days 08:30:25.557000,True,30.870789
925,XBTUSD,Short,2021-03-26 23:54:29.520000+00:00,2021-03-28 04:07:28.072000+00:00,55812.05672233796,55906.149327603,-969395,72,70,,1 days 04:12:58.552000,True,1.277745
926,XBTUSD,Long,2021-03-28 04:07:28.072000+00:00,2021-04-25 07:22:25.672000+00:00,55821.684167501255,54959.192903530195,6969779,1479,1838,,28 days 03:14:57.600000,True,-1226.6548540000001
927,XBTUSD,Short,2021-04-25 07:22:25.672000+00:00,2021-04-25 07:22:29.117000+00:00,49372.0,49350.0,-29507,1,1,,0 days 00:00:03.445000,True,0.0
928,XBTUSD,Short,2021-04-25 08:13:34.823000+00:00,2021-04-25 09:53:32.058000+00:00,49990.833333333336,49615.5,-199998,10,14,,0 days 01:39:57.235000,True,0.0
929,XBTUSD,Short,2021-04-25 10:54:31.320000+00:00,2021-04-26 01:21:36.402000+00:00,49971.453649668925,48930.627827341625,-699995,35,29,,0 days 14:27:05.082000,True,-350.091196
930,XBTUSD,Long,2021-04-26 01:22:01.954000+00:00,2021-05-12 23:57:23.880000+00:00,54816.144006037066,54488.4133963117,6799806,893,895,,16 days 22:35:21.926000,True,925.3136110000002
931,XBTUSD,Long,2021-05-13 09:41:06.288000+00:00,2021-05-13 17:26:26.508000+00:00,49367.81915557295,48194.65615690616,4653309,153,170,,0 days 07:45:20.220000,True,-1298.958245
932,XBTUSD,Short,2021-05-13 17:26:26.508000+00:00,2021-05-13 17:31:23.056000+00:00,48000.0,47769.0,-13353,1,1,,0 days 00:04:56.548000,True,0.0
933,XBTUSD,Long,2021-05-13 18:02:46.435000+00:00,2021-05-13 19:11:49.778000+00:00,48585.26757000286,48200.74910321969,5333328,144,262,,0 days 01:09:03.343000,True,0.0
934,XBTUSD,Long,2021-05-13 19:17:53.922000+00:00,2021-05-15 10:16:43.255000+00:00,49128.669429107795,49622.07484883945,4444444,324,274,,1 days 14:58:49.333000,True,-177.298174
935,XBTUSD,Short,2021-05-15 10:27:28.057000+00:00,2021-05-15 11:25:49.689000+00:00,48178.4,48827.5,-166665,9,1,,0 days 00:58:21.632000,True,0.0
936,XBTUSD,Short,2021-05-15 12:31:34.066000+00:00,2021-05-15 19:18:48.428000+00:00,49272.95453140483,48459.244881711085,-219998,8,18,,0 days 06:47:14.362000,True,0.0
937,XBTUSD,Long,2021-05-15 19:18:48.428000+00:00,2021-05-16 19:54:44.892000+00:00,46725.237297225474,45564.9452921182,573333,22,9,,1 days 00:35:56.464000,True,24.254655
938,XBTUSD,Short,2021-05-17 00:47:24.491000+00:00,2021-05-18 19:20:14.084000+00:00,44113.15864197033,43069.21884682603,-1191265,96,178,,1 days 18:32:49.593000,True,-44.607389
939,XBTUSD,Short,2021-05-18 20:08:42.689000+00:00,2021-05-19 04:53:30.985000+00:00,42900.75410474032,39641.27956235154,-1144774,72,30,,0 days 08:44:48.296000,True,0.0
940,XBTUSD,Long,2021-05-19 04:53:30.985000+00:00,2021-05-19 08:06:12.935000+00:00,38666.0,40217.0,79112,2,2,,0 days 03:12:41.950000,True,0.0
941,XBTUSD,Short,2021-05-19 08:51:26.161000+00:00,2021-05-19 10:27:15.822000+00:00,40621.25,39721.25,-66666,3,5,,0 days 01:35:49.661000,True,0.0
942,XBTUSD,Long,2021-05-19 10:37:10.497000+00:00,2021-05-19 16:45:18.130000+00:00,35688.565305568416,35194.24267562761,4071106,72,215,,0 days 06:08:07.633000,True,363.08084
943,XBTUSD,Short,2021-05-19 16:45:18.130000+00:00,2021-05-19 18:31:02.428000+00:00,39832.5,38575.76196369215,-195550,2,10,,0 days 01:45:44.298000,True,0.0
944,XBTUSD,Long,2021-05-19 18:44:26.462000+00:00,2021-05-20 14:14:48.291000+00:00,36287.735970309266,41681.004191391876,698882,29,40,,0 days 19:30:21.829000,True,-275.433026
945,XBTUSD,Long,2021-05-20 16:02:39.349000+00:00,2021-05-20 22:07:58.345000+00:00,39720.58633412536,40583.12937059043,987767,41,27,,0 days 06:05:18.996000,True,0.0
946,XBTUSD,Long,2021-05-20 22:39:34.834000+00:00,2021-05-20 22:53:33.648000+00:00,39666.0,40999.0,66666,1,1,,0 days 00:13:58.814000,True,0.0
947,XBTUSD,Short,2021-05-20 22:53:48.851000+00:00,2021-05-21 14:21:07.398000+00:00,41726.546569138816,38832.75,-244443,4,5,,0 days 15:27:18.547000,True,320.194858
948,XBTUSD,Long,2021-05-21 14:21:07.398000+00:00,2021-05-22 18:10:40.347000+00:00,35642.29171980794,37857.81218472943,2555543,50,148,,1 days 03:49:32.949000,True,242.943627
949,XBTUSD,Short,2021-05-22 18:18:06.694000+00:00,2021-05-23 08:45:29.958000+00:00,37339.376594390946,35370.22426099261,-799992,81,91,,0 days 14:27:23.264000,True,0.0
950,XBTUSD,Long,2021-05-23 08:51:40.032000+00:00,2021-05-23 10:49:40.156000+00:00,34166.0,35280.67500675007,133332,13,2,,0 days 01:58:00.124000,True,0.0
951,XBTUSD,Long,2021-05-23 11:17:27.605000+00:00,2021-05-31 14:11:10.777000+00:00,35603.11539092536,36630.77312399254,2255542,246,341,,8 days 02:53:43.172000,True,688.258624
952,XBTUSD,Long,2021-05-31 15:16:46.974000+00:00,2021-06-06 00:27:18.272000+00:00,37264.2557387623,37084.84299260566,1599990,234,216,,5 days 09:10:31.298000,True,140.257733
953,XBTUSD,Short,2021-06-06 00:44:11.992000+00:00,2021-06-11 16:06:18.933000+00:00,35304.15147458825,36488.83062424581,-1833200,127,100,,5 days 15:22:06.941000,True,-214.97097300000001
954,XBTUSD,Long,2021-06-13 17:29:52.969000+00:00,2021-06-19 04:19:59.627000+00:00,38208.77235114434,37851.217208443515,2754800,151,235,,5 days 10:50:06.658000,True,47.29494100000001
955,XBTUSD,Long,2021-06-19 04:24:25.908000+00:00,2021-06-19 08:07:30.270000+00:00,35082.92059273577,35535.324112104376,1241700,52,71,,0 days 03:43:04.362000,True,0.0
956,XBTUSD,Long,2021-06-19 11:03:19.104000+00:00,2021-06-19 22:13:09.775000+00:00,35919.10723891942,35681.35554525437,855100,44,17,,0 days 11:09:50.671000,True,-134.31052
957,XBTUSD,Short,2021-06-19 22:13:09.775000+00:00,2021-06-25 07:31:32.472000+00:00,34531.50346008728,33808.50549261041,-2033500,229,452,,5 days 09:18:22.697000,True,436.84216
958,XBTUSD,Long,2021-06-25 07:31:32.472000+00:00,2021-06-25 10:29:45.850000+00:00,33999.0,33684.5,66500,2,2,,0 days 02:58:13.378000,True,0.0
959,XBTUSD,Short,2021-06-25 10:44:40.317000+00:00,2021-06-25 13:07:26.620000+00:00,33393.99527003784,33143.19857241142,-1744200,102,129,,0 days 02:22:46.303000,True,-135.583387
960,XBTUSD,Short,2021-06-25 14:03:10.487000+00:00,2021-06-28 07:44:21.664000+00:00,32696.130636363636,33618.740246753245,-2404100,189,199,,2 days 17:41:11.177000,True,95.88833199999999
961,XBTUSD,Long,2021-06-28 09:34:12.994000+00:00,2021-06-29 11:45:23.363000+00:00,34521.526666666665,35422.846666666665,750000,31,20,,1 days 02:11:10.369000,True,-393.031074
962,XBTUSD,Short,2021-06-29 12:07:41.780000+00:00,2021-06-30 03:58:54.080000+00:00,36017.970588235294,35318.43849021435,-340000,30,8,,0 days 15:51:12.300000,True,0.0
963,XBTUSD,Long,2021-06-30 03:58:54.080000+00:00,2021-07-03 12:48:01.638000+00:00,33901.10014369148,33773.898497026574,2710000,120,177,,3 days 08:49:07.558000,True,-88.67559399999999
964,XBTUSD,Short,2021-07-03 20:01:35.006000+00:00,2021-07-04 06:54:10.610000+00:00,34976.07142857143,35384.79761904762,-840000,45,60,,0 days 10:52:35.604000,True,0.0
965,XBTUSD,Long,2021-07-04 07:28:07.884000+00:00,2021-07-04 07:30:54.206000+00:00,35480.5,35400.0,220000,6,11,,0 days 00:02:46.322000,True,0.0
966,XBTUSD,Long,2021-07-04 12:55:01.360000+00:00,2021-07-08 07:47:20.421000+00:00,33815.1312335958,33526.42992125984,1970000,127,170,,3 days 18:52:19.061000,True,13.764412
967,XBTUSD,Short,2021-07-08 07:58:06.420000+00:00,2021-07-08 19:56:25.424000+00:00,32249.18181818182,33109.7340210356,-220000,3,15,,0 days 11:58:19.004000,True,-111.450649
968,XBTUSD,Long,2021-07-08 19:56:25.424000+00:00,2021-07-09 12:05:32.698000+00:00,33104.506822612086,32642.139016482033,370100,19,25,,0 days 16:09:07.274000,True,-19.125737
969,XBTUSD,Long,2021-07-09 13:08:10.613000+00:00,2021-07-14 01:17:22.410000+00:00,33791.71367645633,33034.90249389382,1803400,175,165,,4 days 12:09:11.797000,True,-9.559958
970,XBTUSD,Short,2021-07-14 01:17:22.410000+00:00,2021-07-23 23:35:30.454000+00:00,31810.13441677067,32190.624692458874,-3453000,275,244,,9 days 22:18:08.044000,True,-198.779671
971,XBTUSD,Long,2021-07-24 02:05:22.588000+00:00,2021-07-24 07:21:23.298000+00:00,33610.5,33808.5,50000,4,3,,0 days 05:16:00.710000,True,0.0
972,XBTUSD,Short,2021-07-26 06:54:54.589000+00:00,2021-07-26 21:36:46.476000+00:00,39690.31219512195,37971.49058536586,-2050000,57,38,,0 days 14:41:51.887000,True,-0.077838
973,XBTUSD,Long,2021-07-26 21:46:35.454000+00:00,2021-07-26 23:07:08.990000+00:00,37136.0,37405.67083333333,120000,5,8,,0 days 01:20:33.536000,True,0.0
974,XBTUSD,Long,2021-07-27 02:43:53.379000+00:00,2021-07-27 14:41:39.100000+00:00,36666.0,38224.5,60000,1,3,,0 days 11:57:45.721000,True,237.47716
975,XBTUSD,Long,2021-07-27 21:33:39.890000+00:00,2021-07-28 02:14:20.592000+00:00,38248.25,40180.0,120000,2,1,,0 days 04:40:40.702000,True,0.0
976,XBTUSD,Short,2021-07-28 11:31:18.895000+00:00,2021-08-06 15:31:10.265000+00:00,40749.181739130436,38920.52173913043,-720000,58,52,,9 days 03:59:51.370000,True,185.970553
977,XBTUSD,Short,2021-08-06 16:03:20.478000+00:00,2021-10-15 17:43:55.477000+00:00,48271.979004157634,49087.193031526214,-2296000,1163,1069,,70 days 01:40:34.999000,True,-200.10440599999998
978,XBTUSD,Long,2021-10-17 20:02:24.334000+00:00,2021-10-27 07:39:44.244000+00:00,61054.08446428571,60380.713214285715,750000,76,57,,9 days 11:37:19.910000,True,-0.96536
979,XBTUSD,Short,2021-10-27 07:43:34.432000+00:00,2021-10-28 08:21:08.146000+00:00,60009.7475,59397.67875,-480000,28,69,,1 days 00:37:33.714000,True,-17.416275
980,XBTUSD,Short,2021-10-28 08:51:50.771000+00:00,2021-10-28 21:32:58.964000+00:00,60933.70133333333,60734.22316666667,-300000,24,23,,0 days 12:41:08.193000,True,7.805395
981,XBTUSD,Long,2021-11-10 21:20:42.499000+00:00,2021-11-26 16:51:15.519000+00:00,58096.474810996566,56052.94001718213,1590000,169,172,,15 days 19:30:33.020000,True,-45.207603999999996
982,XBTUSD,Long,2021-11-30 07:06:23.130000+00:00,2021-12-01 20:22:46.473000+00:00,57277.12923076923,57858.766923076924,260000,9,18,,1 days 13:16:23.343000,True,-0.11547400000000001
983,XBTUSD,Long,2021-12-03 13:35:05.037000+00:00,2021-12-03 15:43:48.950000+00:00,57430.0,56113.68916666666,60000,5,6,,0 days 02:08:43.913000,True,0.0
984,XBTUSD,Long,2021-12-03 20:19:20.606000+00:00,2021-12-03 21:20:48.640000+00:00,51709.0,53771.0,50000,1,1,,0 days 01:01:28.034000,True,0.0
985,XBTUSD,Long,2021-12-04 04:55:34.631000+00:00,2021-12-04 05:41:23.183000+00:00,44510.40625,46700.3590625,800000,16,70,,0 days 00:45:48.552000,True,0.0
986,XBTUSD,Long,2021-12-04 11:39:53.726000+00:00,2021-12-04 12:44:47.760000+00:00,46333.0,47216.12,60000,7,5,,0 days 01:04:54.034000,True,89.708025
987,XBTUSD,Short,2021-12-04 15:09:52.768000+00:00,2021-12-06 14:30:41.512000+00:00,49139.597405063294,48943.5464556962,-190000,40,74,,1 days 23:20:48.744000,True,5.056701
988,XBTUSD,Short,2021-12-06 15:15:27.129000+00:00,2021-12-09 19:18:39.688000+00:00,50278.94499378109,48793.011784825874,-948000,95,78,,3 days 04:03:12.559000,True,17.112834
989,XBTUSD,Long,2021-12-09 20:59:28.129000+00:00,2021-12-09 21:45:00.306000+00:00,47699.0,48111.0,10000,1,1,,0 days 00:45:32.177000,True,0.0
990,XBTUSD,Short,2021-12-09 21:45:00.306000+00:00,2021-12-10 01:42:00.052000+00:00,48444.0,48444.0,-110000,12,5,,0 days 03:56:59.746000,True,0.0
991,XBTUSD,Short,2021-12-10 02:19:13.454000+00:00,2021-12-11 05:39:08.400000+00:00,48533.7921559633,48416.85949541284,-1090000,131,64,,1 days 03:19:54.946000,True,82.507615
992,XBTUSD,Short,2021-12-11 07:29:44.430000+00:00,2021-12-16 19:31:13.248000+00:00,48188.03797308054,47804.66477313843,-2213800,223,243,,5 days 12:01:28.818000,True,77.560615
993,XBTUSD,Long,2021-12-16 22:08:01.186000+00:00,2021-12-17 16:55:12.902000+00:00,46541.431818181816,46878.847727272725,440000,21,28,,0 days 18:47:11.716000,True,-27.952912
994,XBTUSD,Long,2021-12-17 20:17:37.515000+00:00,2021-12-18 02:03:57.655000+00:00,46021.6,45890.85307820299,300500,17,58,,0 days 05:46:20.140000,True,0.0
995,XBTUSD,Long,2021-12-18 02:05:22.877000+00:00,2021-12-22 02:31:59.227000+00:00,47098.303261128305,48578.60232558139,290100,58,35,,4 days 00:26:36.350000,True,5.016873
996,XBTUSD,Short,2021-12-22 02:31:59.227000+00:00,2021-12-29 02:56:22.144000+00:00,50762.37906666667,49585.47014173681,-229900,66,98,,7 days 00:24:22.917000,True,69.001469
997,XBTUSD,Short,2021-12-29 12:27:01.471000+00:00,2022-01-03 23:31:08.884000+00:00,47095.98871492156,46441.120521481105,-1267900,299,216,,5 days 11:04:07.413000,True,39.823699
998,XBTUSD,Long,2022-01-03 23:38:28.794000+00:00,2022-01-05 11:52:07.475000+00:00,46121.502222222225,46402.93101851852,520000,36,57,,1 days 12:13:38.681000,True,52.471972
999,XBTUSD,Short,2022-01-05 12:09:58.365000+00:00,2022-01-05 14:47:20.385000+00:00,46102.63461538462,46329.72932692308,-1040000,84,87,,0 days 02:37:22.020000,True,0.0
1000,XBTUSD,Long,2022-01-05 15:04:22.731000+00:00,2022-01-05 17:51:32.464000+00:00,46539.330357142855,46299.79501649592,440000,40,55,,0 days 02:47:09.733000,True,0.0
1001,XBTUSD,Short,2022-01-05 17:51:32.464000+00:00,2022-01-06 19:46:26.616000+00:00,45437.71422082748,43291.14917012448,-2050000,221,102,,1 days 01:54:54.152000,True,114.792064
1002,XBTUSD,Long,2022-01-07 03:23:23.160000+00:00,2022-01-07 15:19:27.774000+00:00,41940.934782608696,42363.28027173913,920000,39,69,,0 days 11:56:04.614000,True,143.928634
1003,XBTUSD,Long,2022-01-07 15:52:49.956000+00:00,2022-01-07 16:10:02.635000+00:00,40751.0,41238.8675,20000,1,9,,0 days 00:17:12.679000,True,0.0
1004,XBTUSD,Long,2022-01-08 00:53:10.073000+00:00,2022-01-08 21:44:12+00:00,41917.94609075275,41860.77042818715,1847700,138,217,,0 days 20:51:01.927000,True,-9.814408
1005,XBTUSD,Long,2022-01-08 21:46:09.148000+00:00,2022-01-08 22:28:20.952000+00:00,41832.5,42215.0,120000,6,3,,0 days 00:42:11.804000,True,0.0
1006,XBTUSD,Short,2022-01-08 22:28:34.924000+00:00,2022-01-08 23:57:13.327000+00:00,42277.0,41666.0,-1200,3,1,,0 days 01:28:38.403000,True,0.0
1007,XBTUSD,Long,2022-01-08 23:57:13.327000+00:00,2022-01-09 10:50:23.958000+00:00,41686.1,41697.1234939759,298800,11,16,,0 days 10:53:10.631000,True,0.0
1008,XBTUSD,Long,2022-01-09 13:59:38.355000+00:00,2022-01-09 19:29:04.358000+00:00,41365.25,42514.0,20000,7,1,,0 days 05:29:26.003000,True,0.0
1009,XBTUSD,Short,2022-01-09 19:29:04.358000+00:00,2022-01-09 23:23:52.203000+00:00,42626.8,42128.32166666666,-280000,12,21,,0 days 03:54:47.845000,True,0.0
1010,XBTUSD,Long,2022-01-09 23:23:52.203000+00:00,2022-01-10 12:11:48.744000+00:00,41987.34505,41630.55458333333,960000,112,187,,0 days 12:47:56.541000,True,-9.686322
1011,XBTUSD,Short,2022-01-10 15:35:45.869000+00:00,2022-01-10 17:28:39.205000+00:00,41042.928100061385,41026.625230202575,-651600,64,77,,0 days 01:52:53.336000,True,0.0
1012,XBTUSD,Long,2022-01-10 17:32:43.900000+00:00,2022-01-10 17:48:27.520000+00:00,40773.92566568047,41248.77662721893,135200,22,25,,0 days 00:15:43.620000,True,0.0
1013,XBTUSD,Long,2022-01-10 17:49:25.779000+00:00,2022-01-10 17:54:07.181000+00:00,41055.0,41349.87943786982,67600,3,8,,0 days 00:04:41.402000,True,0.0
1014,XBTUSD,Long,2022-01-10 17:56:38.117000+00:00,2022-01-10 18:32:56.255000+00:00,41222.0,41462.24556213018,33800,4,5,,0 days 00:36:18.138000,True,0.0
1015,XBTUSD,Short,2022-01-10 19:02:14.676000+00:00,2022-01-10 19:41:52.791000+00:00,41505.229648241206,41639.876637824476,-278000,69,59,,0 days 00:39:38.115000,True,0.0
1016,XBTUSD,Long,2022-01-10 19:41:52.791000+00:00,2022-01-10 19:50:26.156000+00:00,41620.48111888112,41447.5,42000,14,1,,0 days 00:08:33.365000,True,0.0
1017,XBTUSD,Short,2022-01-10 19:50:26.156000+00:00,2022-01-10 20:48:03.006000+00:00,41294.29138888889,41550.67615020782,-678000,81,30,,0 days 00:57:36.850000,True,0.0
1018,XBTUSD,Long,2022-01-10 20:48:03.006000+00:00,2022-01-14 10:03:57.888000+00:00,42406.14959931311,42819.051863084926,1499600,364,329,,3 days 13:15:54.882000,True,50.517303000000005
1019,XBTUSD,Short,2022-01-14 10:25:40.272000+00:00,2022-01-15 04:18:54.930000+00:00,42332.848613624614,43154.65024630542,-3094400,151,204,,0 days 17:53:14.658000,True,11.110488
1020,XBTUSD,Long,2022-01-15 04:18:54.930000+00:00,2022-01-15 20:02:14.291000+00:00,42854.0,43402.704036964984,205600,5,17,,0 days 15:43:19.361000,True,-141.171396
1021,XBTUSD,Short,2022-01-15 20:33:55.342000+00:00,2022-01-20 15:04:25.784000+00:00,42541.237340892236,42393.546038461536,-3883600,749,563,,4 days 18:30:30.442000,True,146.180163
1022,XBTUSD,Long,2022-01-20 15:04:25.784000+00:00,2022-01-20 20:14:11.951000+00:00,43210.06850132882,42838.75514442137,2591400,185,77,,0 days 05:09:46.167000,True,0.0
1023,XBTUSD,Short,2022-01-20 20:14:11.951000+00:00,2022-01-25 17:15:12.071000+00:00,38116.90135601496,35786.96741610973,-2663100,947,754,,4 days 21:01:00.120000,True,1259.251401
1024,XBTUSD,Long,2022-01-25 21:35:00.880000+00:00,2022-01-26 10:58:35.155000+00:00,36444.0,38111.0,60000,2,1,,0 days 13:23:34.275000,True,0.0
1025,XBTUSD,Short,2022-01-26 13:43:58.288000+00:00,2022-01-26 21:44:04.809000+00:00,38174.79388888889,36783.59625,-360000,45,48,,0 days 08:00:06.521000,True,0.0
1026,XBTUSD,Long,2022-01-26 22:01:33.556000+00:00,2022-01-27 02:06:49.184000+00:00,36600.65175,35780.99225,200000,25,42,,0 days 04:05:15.628000,True,0.0
1027,XBTUSD,Long,2022-01-27 03:43:54.473000+00:00,2022-01-27 10:50:23.753000+00:00,35666.0,36406.8075,20000,2,7,,0 days 07:06:29.280000,True,0.0
1028,XBTUSD,Long,2022-01-27 11:45:04.013000+00:00,2022-01-30 00:41:56.717000+00:00,37108.266222616934,37684.82294256957,1968000,374,305,,2 days 12:56:52.704000,True,55.46313
1029,XBTUSD,Long,2022-01-30 03:24:48.871000+00:00,2022-01-30 04:12:24.041000+00:00,38034.0,37905.5,10000,2,1,,0 days 00:47:35.170000,True,0.0
1030,XBTUSD,Short,2022-01-30 04:12:37.040000+00:00,2022-01-31 17:18:45.097000+00:00,37505.156143079315,38468.857076205284,-1286000,267,139,,1 days 13:06:08.057000,True,98.883508
1031,XBTUSD,Long,2022-01-31 17:58:00.085000+00:00,2022-02-02 04:32:28.309000+00:00,38533.375029069764,38457.62863372093,1700000,151,141,,1 days 10:34:28.224000,True,-102.161764
1032,XBTUSD,Short,2022-02-02 05:16:13.816000+00:00,2022-02-02 08:13:01.421000+00:00,38403.78,38381.0,-90000,45,6,,0 days 02:56:47.605000,True,0.0
1033,XBTUSD,Short,2022-02-02 12:10:58.943000+00:00,2022-02-02 15:02:07.582000+00:00,38666.0,37767.0,-30000,1,4,,0 days 02:51:08.639000,True,0.0
1034,XBTUSD,Long,2022-02-02 16:02:55.800000+00:00,2022-02-04 04:25:31.431000+00:00,37215.25040123457,37270.22694444445,1500000,119,174,,1 days 12:22:35.631000,True,1.042347
1035,XBTUSD,Short,2022-02-04 05:35:36.323000+00:00,2022-02-06 23:37:22.204000+00:00,41019.06466083151,41776.33180525164,-4180000,465,394,,2 days 18:01:45.881000,True,-61.605749
1036,XBTUSD,Long,2022-02-07 00:29:52.002000+00:00,2022-02-07 09:31:36.305000+00:00,41791.5,42449.0,10000,2,3,,0 days 09:01:44.303000,True,0.0
1037,XBTUSD,Long,2022-02-07 09:35:32.247000+00:00,2022-02-09 01:57:03.781000+00:00,43543.22222222222,44009.88888888889,75000,11,12,,1 days 16:21:31.534000,True,-146.95495300000002
1038,XBTUSD,Long,2022-02-09 02:29:50.677000+00:00,2022-02-09 13:13:15.583000+00:00,43327.5,44444.0,5000,1,1,,0 days 10:43:24.906000,True,1.096978
1039,XBTUSD,Short,2022-02-09 13:13:15.583000+00:00,2022-02-11 12:14:36.558000+00:00,44799.4,43263.63444444445,-45000,5,18,,1 days 23:01:20.975000,True,2.155965
1040,XBTUSD,Long,2022-02-11 13:42:59.367000+00:00,2022-02-15 10:26:02.117000+00:00,42963.91469622331,43059.233468534905,1596000,138,170,,3 days 20:43:02.750000,True,-28.767104000000003
1041,XBTUSD,Short,2022-02-15 10:26:02.117000+00:00,2022-02-16 06:35:02.197000+00:00,44394.762645914394,44083.745192307695,-104000,20,15,,0 days 20:09:00.080000,True,41.696522
1042,XBTUSD,Long,2022-02-16 13:34:58.970000+00:00,2022-02-20 18:06:36.937000+00:00,40895.1990059821,39939.684388071786,2210200,226,408,,4 days 04:31:37.967000,True,-246.08229699999998
1043,XBTUSD,Long,2022-02-20 21:31:41.821000+00:00,2022-02-21 10:17:45.534000+00:00,38083.5,38829.5,20000,2,2,,0 days 12:46:03.713000,True,0.0
1044,XBTUSD,Long,2022-02-21 11:39:59.467000+00:00,2022-02-21 15:18:06.734000+00:00,37536.25,39103.75,40000,2,3,,0 days 03:38:07.267000,True,-14.992705
1045,XBTUSD,Long,2022-02-21 18:04:58.609000+00:00,2022-02-22 12:01:06.783000+00:00,37701.220625,37588.4125,880000,101,91,,0 days 17:56:08.174000,True,0.68688
1046,XBTUSD,Long,2022-02-22 16:51:02.492000+00:00,2022-02-24 04:16:10.387000+00:00,37987.0434857241,36482.44168907707,1371000,136,143,,1 days 11:25:07.895000,True,4.234022
1047,XBTUSD,Short,2022-02-24 07:51:41.695000+00:00,2022-02-25 12:53:31.689000+00:00,37745.63389468691,39027.112101331855,-2379600,159,224,,1 days 05:01:49.994000,True,-234.507313
1048,XBTUSD,Long,2022-02-25 12:53:31.689000+00:00,2022-02-25 23:00:42.064000+00:00,39035.215274405055,39359.34544349939,411500,40,34,,0 days 10:07:10.375000,True,0.0
1049,XBTUSD,Long,2022-02-26 08:02:04.064000+00:00,2022-02-27 17:55:33.479000+00:00,38577.11957446809,39365.8874893617,567500,59,57,,1 days 09:53:29.415000,True,-183.449128
1050,XBTUSD,Long,2022-02-27 19:48:21.263000+00:00,2022-02-27 21:49:05.119000+00:00,37515.72934322034,37551.9875529661,144400,12,28,,0 days 02:00:43.856000,True,0.0
1051,XBTUSD,Long,2022-02-28 06:15:23.716000+00:00,2022-02-28 09:11:16.968000+00:00,37859.66647531573,38178.12254879449,2110900,220,205,,0 days 02:55:53.252000,True,0.0
1052,XBTUSD,Long,2022-02-28 09:59:58.336000+00:00,2022-02-28 17:58:14.297000+00:00,38055.0,41224.5,111000,5,4,,0 days 07:58:15.961000,True,57.271471
1053,XBTUSD,Short,2022-02-28 18:17:05.404000+00:00,2022-03-03 15:43:57.512000+00:00,43886.95035755862,43484.84535119773,-423600,111,105,,2 days 21:26:52.108000,True,40.405078
1054,XBTUSD,Long,2022-03-03 15:43:57.512000+00:00,2022-03-03 22:45:24.977000+00:00,42371.25,42555.51015965167,68900,2,10,,0 days 07:01:27.465000,True,0.0
1055,XBTUSD,Long,2022-03-04 00:52:48.070000+00:00,2022-03-04 19:53:35.921000+00:00,41044.227173913045,40725.05098398611,1874200,237,182,,0 days 19:00:47.851000,True,24.321928
1056,XBTUSD,Short,2022-03-04 19:53:35.921000+00:00,2022-03-05 03:06:27.100000+00:00,39862.9155,38986.93259023355,-94200,12,22,,0 days 07:12:51.179000,True,0.0
1057,XBTUSD,Short,2022-03-06 05:53:49.113000+00:00,2022-03-07 01:35:24.551000+00:00,39162.85901162791,38458.72252906977,-95800,44,36,,0 days 19:41:35.438000,True,10.340085
1058,XBTUSD,Short,2022-03-07 04:33:12.160000+00:00,2022-03-09 08:13:15.940000+00:00,40215.71046875,41313.36828125,-811900,143,105,,2 days 03:40:03.780000,True,5.679502
1059,XBTUSD,Long,2022-03-10 00:30:14.702000+00:00,2022-03-10 12:11:14.102000+00:00,41051.940091545504,39089.532108239095,742800,36,127,,0 days 11:40:59.400000,True,-72.459212
1060,XBTUSD,Short,2022-03-10 13:35:15.107000+00:00,2022-03-23 04:19:04.911000+00:00,41253.70660349712,41226.749912556836,-1052300,536,442,,12 days 14:43:49.804000,True,-33.915832
1061,XBTUSD,Long,2022-03-23 04:19:04.911000+00:00,2022-03-23 07:12:03.241000+00:00,41792.0,42104.5,27700,1,3,,0 days 02:52:58.330000,True,0.0
1062,XBTUSD,Short,2022-03-23 10:21:29.546000+00:00,2022-03-23 11:35:32.861000+00:00,42229.5,42018.0,-90000,5,6,,0 days 01:14:03.315000,True,0.0
1063,XBTUSD,Short,2022-03-23 12:57:54.250000+00:00,2022-04-01 00:05:21.130000+00:00,44689.549064516126,45878.21912903226,-930000,143,192,,8 days 11:07:26.880000,True,-89.953158
1064,XBTUSD,Long,2022-04-01 01:53:35.251000+00:00,2022-04-01 08:38:23.307000+00:00,44556.57142857143,45180.02321428571,420000,12,30,,0 days 06:44:48.056000,True,0.0
1065,XBTUSD,Long,2022-04-03 22:03:16.956000+00:00,2022-04-05 01:15:53.038000+00:00,46214.6875,46050.25,80000,14,24,,1 days 03:12:36.082000,True,-0.023093
1066,XBTUSD,Long,2022-04-05 16:01:51.360000+00:00,2022-04-06 07:02:54.225000+00:00,45215.666666666664,45352.416666666664,60000,5,11,,0 days 15:01:02.865000,True,0.0
1067,XBTUSD,Long,2022-04-06 10:18:27.653000+00:00,2022-04-09 02:38:29.363000+00:00,44007.348837209305,42845.70267441861,430000,23,45,,2 days 16:20:01.710000,True,-2.6603380000000003
1068,XBTUSD,Short,2022-04-17 23:11:53.717000+00:00,2022-04-18 09:08:59.235000+00:00,39736.46727272727,38891.266818181815,-110000,23,36,,0 days 09:57:05.518000,True,0.0
1069,XBTUSD,Short,2022-04-18 17:09:55.362000+00:00,2022-04-19 14:52:52.589000+00:00,40549.88461538462,41596.14730769231,-260000,21,41,,0 days 21:42:57.227000,True,0.057423
1070,XBTUSD,Short,2022-04-20 11:45:47.206000+00:00,2022-04-20 18:50:07.413000+00:00,42111.0,41061.265,-80000,3,17,,0 days 07:04:20.207000,True,-16.466865
1071,XBTUSD,Short,2022-04-21 11:37:47.073000+00:00,2022-04-21 18:18:01.523000+00:00,42555.0,41517.5,-80000,4,3,,0 days 06:40:14.450000,True,4.760602
1072,XBTUSD,Long,2022-04-21 22:10:01.799000+00:00,2022-04-24 09:03:06.199000+00:00,39820.7426984127,39801.34507936508,630000,61,49,,2 days 10:53:04.400000,True,4.078622
1073,XBTUSD,Short,2022-04-25 00:32:44.493000+00:00,2022-04-26 15:03:07.762000+00:00,39228.75,39219.905625,-80000,6,11,,1 days 14:30:23.269000,True,0.039037
1074,XBTUSD,Short,2022-04-28 14:33:06.427000+00:00,2022-04-29 00:03:13.848000+00:00,39857.24324324324,39620.22763513513,-340000,43,43,,0 days 09:30:07.421000,True,0.0
1075,XBTUSD,Long,2022-04-29 09:06:03.812000+00:00,2022-04-29 10:45:52.321000+00:00,39166.5,38972.7021875,160000,6,29,,0 days 01:39:48.509000,True,0.0
1076,XBTUSD,Short,2022-04-29 10:45:58.897000+00:00,2022-05-07 22:06:46.565000+00:00,38101.883364661655,36257.19605263158,-432000,88,55,,8 days 11:20:47.668000,True,27.23959
1077,XBTUSD,Short,2022-05-07 23:12:29.264000+00:00,2022-05-08 06:15:49.269000+00:00,35575.6,34575.5,-25000,3,2,,0 days 07:03:20.005000,True,0.0
1078,XBTUSD,Short,2022-05-08 07:56:47.073000+00:00,2022-05-13 12:19:42.923000+00:00,30992.372423689016,30316.19938690321,-275600,167,157,,5 days 04:22:55.850000,True,111.8203
1079,XBTUSD,Short,2022-05-14 03:56:57.170000+00:00,2022-05-15 21:09:36.289000+00:00,29360.23972222222,30622.390555555554,-120000,31,40,,1 days 17:12:39.119000,True,-17.903997
1080,XBTUSD,Short,2022-05-16 15:36:16.846000+00:00,2022-05-18 16:25:32.095000+00:00,29574.691346153846,29917.7325,-130000,35,37,,2 days 00:49:15.249000,True,-18.152186
1081,XBTUSD,Short,2022-05-19 03:19:04.900000+00:00,2022-05-21 09:48:51.262000+00:00,29494.092727272728,29237.363636363636,-110000,16,15,,2 days 06:29:46.362000,True,6.369126
1082,XBTUSD,Long,2022-06-07 03:22:43.245000+00:00,2022-06-10 21:51:08.356000+00:00,29560.414285714287,29658.61657142857,280000,30,62,,3 days 18:28:25.111000,True,7.74466
1083,XBTUSD,Long,2022-06-12 02:29:36.272000+00:00,2022-07-07 22:54:12.922000+00:00,20447.828085106383,20356.511914893617,130000,75,39,,25 days 20:24:36.650000,True,-22.86341
1084,XBTUSD,Long,2022-07-08 09:09:57.181000+00:00,2022-07-08 16:08:44.279000+00:00,21333.0,21776.105,10000,3,4,,0 days 06:58:47.098000,True,24.384883
1085,XBTUSD,Long,2022-07-08 16:43:03.326000+00:00,2022-07-15 15:35:44.426000+00:00,20179.660714285714,20805.5,28000,9,3,,6 days 22:52:41.100000,True,0.8481249999999999
1086,XBTUSD,Long,2022-07-15 15:59:00.608000+00:00,2022-07-30 13:08:16.540000+00:00,21522.795857988167,22503.458479532164,66000,37,47,,14 days 21:09:15.932000,True,35.109973999999994
1087,XBTUSD,Short,2022-07-30 13:08:16.540000+00:00,2022-08-01 10:51:56.767000+00:00,24588.055555555555,23379.0,-3000,2,2,,1 days 21:43:40.227000,True,2.47182
1088,XBTUSD,Long,2022-08-01 10:51:56.767000+00:00,2022-09-20 12:28:14.040000+00:00,20619.299002047082,19845.16380194972,299800,93,72,,50 days 01:36:17.273000,True,-49.650394000000006
1089,XBTUSD,Long,2022-09-21 18:02:14.194000+00:00,2022-09-22 08:01:33.986000+00:00,18765.1935483871,18927.247580645162,62000,10,5,,0 days 13:59:19.792000,True,0.0
1090,XBTUSD,Long,2022-09-28 12:56:41.271000+00:00,2022-10-01 21:58:43.509000+00:00,19388.908256880735,19391.76605504587,212000,32,39,,3 days 09:02:02.238000,True,0.8639229999999999
1091,XBTUSD,Long,2022-10-02 10:15:21.725000+00:00,2022-10-02 15:35:31.948000+00:00,19011.0,19124.5,6000,1,1,,0 days 05:20:10.223000,True,-0.934284
1092,XBTUSD,Short,2022-10-03 04:23:40.614000+00:00,2022-10-03 17:22:48.404000+00:00,19174.0,19568.0,-30000,8,6,,0 days 12:59:07.790000,True,0.15295
1093,XBTUSD,Long,2022-10-03 17:22:48.404000+00:00,2022-10-07 04:49:35.195000+00:00,19887.406782802074,20010.720488721803,150000,38,57,,3 days 11:26:46.791000,True,4.139146
1094,XBTUSD,Short,2022-10-08 22:52:00.646000+00:00,2022-10-17 10:37:00.584000+00:00,19318.688374125875,19240.460664335664,-43200,80,39,,8 days 11:44:59.938000,True,4.496438
1095,XBTUSD,Short,2022-10-17 11:13:45.875000+00:00,2022-10-18 17:37:06.990000+00:00,19583.613636363636,19428.77159090909,-44000,5,5,,1 days 06:23:21.115000,True,-0.743132
1096,XBTUSD,Short,2022-10-19 06:02:17.253000+00:00,2022-10-19 17:47:03.955000+00:00,19234.495,19151.0,-40000,14,3,,0 days 11:44:46.702000,True,1.479749
1097,XBTUSD,Short,2022-10-20 18:13:51.214000+00:00,2022-10-21 23:18:02.551000+00:00,18995.7,19177.5,-100000,16,5,,1 days 05:04:11.337000,True,-0.337718
1098,XBTUSD,Short,2022-10-22 06:54:42.803000+00:00,2022-10-23 22:17:53.328000+00:00,19344.863636363636,19595.10176299933,-440000,41,62,,1 days 15:23:10.525000,True,-5.834517
1099,XBTUSD,Long,2022-10-23 22:17:53.328000+00:00,2022-10-25 15:20:56.805000+00:00,19500.45379458942,19574.516542795493,417100,58,44,,1 days 17:03:03.477000,True,-32.954052
1100,XBTUSD,Short,2022-10-25 15:22:26.980000+00:00,2022-10-25 15:51:01.219000+00:00,19683.0,19791.039682539682,-10300,2,3,,0 days 00:28:34.239000,True,0.0
1101,XBTUSD,Long,2022-10-25 15:51:01.219000+00:00,2022-10-28 21:31:33.798000+00:00,20252.267571644043,20583.48741852357,220500,91,125,,3 days 05:40:32.579000,True,46.684802
1102,XBTUSD,Long,2022-10-29 05:02:02.923000+00:00,2022-10-29 09:13:06.581000+00:00,20719.166666666668,20900.0,6000,2,11,,0 days 04:11:03.658000,True,0.0
1103,XBTUSD,Long,2022-10-29 09:21:20.771000+00:00,2022-10-30 13:58:16.970000+00:00,20813.03431372549,20655.84705882353,102000,15,9,,1 days 04:36:56.199000,True,12.568897999999999
1104,XBTUSD,Short,2022-10-30 16:03:12.211000+00:00,2022-10-31 01:43:23.036000+00:00,20654.5,20510.5,-5000,5,2,,0 days 09:40:10.825000,True,0.0
1105,XBTUSD,Long,2022-10-31 01:43:23.036000+00:00,2022-10-31 15:55:20.622000+00:00,20589.71782178218,20368.1675,100000,28,25,,0 days 14:11:57.586000,True,-4.203564
1106,XBTUSD,Long,2022-10-31 16:42:56.429000+00:00,2022-11-01 03:38:39.679000+00:00,20439.133333333335,20472.02,30000,13,6,,0 days 10:55:43.250000,True,0.0
1107,XBTUSD,Long,2022-11-01 05:04:56.002000+00:00,2022-11-01 11:10:51.145000+00:00,20544.666666666668,20565.227243589743,156000,13,29,,0 days 06:05:55.143000,True,0.0
1108,XBTUSD,Long,2022-11-01 11:18:22.968000+00:00,2022-11-02 20:10:41.699000+00:00,20436.456429780035,20350.2165820643,166400,63,42,,1 days 08:52:18.731000,True,-6.211742
1109,XBTUSD,Long,2022-11-04 06:03:25.430000+00:00,2022-11-04 21:21:22.514000+00:00,20691.141274509802,20994.073235294116,510000,74,83,,0 days 15:17:57.084000,True,-0.37249
1110,XBTUSD,Long,2022-11-04 21:52:09.842000+00:00,2022-11-09 01:30:00.598000+00:00,21066.739182452642,19881.044001329345,855600,105,166,,4 days 03:37:50.756000,True,1.166165999999997
1111,XBTUSD,Short,2022-11-09 03:42:56.959000+00:00,2022-11-11 14:34:00.080000+00:00,18286.625,16555.0,-2000,4,1,,2 days 10:51:03.121000,True,-435.37922199999997
1112,XBTUSD,Long,2022-11-11 14:34:16.131000+00:00,2022-11-12 00:22:42.956000+00:00,16856.862305295952,16870.732710280376,321000,44,18,,0 days 09:48:26.825000,True,0.0
1113,XBTUSD,Short,2022-11-12 04:23:45.704000+00:00,2022-11-13 02:22:57.924000+00:00,16755.4243902439,16858.0,-41000,13,12,,0 days 21:59:12.220000,True,0.946773
1114,XBTUSD,Long,2022-11-14 06:37:44.921000+00:00,2022-11-14 08:07:38.737000+00:00,15934.102272727272,16760.64909090909,110000,5,4,,0 days 01:29:53.816000,True,0.0
1115,XBTUSD,Long,2022-11-14 08:38:46.477000+00:00,2022-11-14 11:34:09.346000+00:00,16669.5,16704.12,5000,2,11,,0 days 02:55:22.869000,True,0.0
1116,XBTUSD,Long,2022-11-14 13:51:11.596000+00:00,2022-11-15 00:42:25.963000+00:00,16356.125,16586.0,40000,5,3,,0 days 10:51:14.367000,True,0.0
1117,XBTUSD,Long,2022-11-15 07:17:13.349000+00:00,2022-11-15 08:03:59.859000+00:00,16852.8265,16791.6615,100000,21,11,,0 days 00:46:46.510000,True,0.0
1118,XBTUSD,Long,2022-11-15 08:30:28.440000+00:00,2022-11-15 09:31:33.337000+00:00,16916.0,16820.15,20000,6,6,,0 days 01:01:04.897000,True,0.0
1119,XBTUSD,Long,2022-11-15 11:04:20.933000+00:00,2022-11-15 12:04:33.357000+00:00,16919.752105263156,16708.842763157896,380000,69,26,,0 days 01:00:12.424000,True,-1.061245
1120,XBTUSD,Short,2022-11-15 12:04:58.431000+00:00,2022-11-15 12:14:59.164000+00:00,16700.756875,16792.6475,-240000,12,23,,0 days 00:10:00.733000,True,0.0
1121,XBTUSD,Long,2022-11-15 13:10:09.404000+00:00,2022-11-16 04:16:22.637000+00:00,16853.4525,16922.0,120000,32,18,,0 days 15:06:13.233000,True,0.0
1122,XBTUSD,Short,2022-11-16 08:17:46.729000+00:00,2022-11-17 17:03:59.842000+00:00,16661.925833333335,16670.7125,-120000,14,16,,1 days 08:46:13.113000,True,-34.340012
1123,XBTUSD,Long,2022-11-17 17:04:43.322000+00:00,2022-11-18 03:53:16.766000+00:00,16671.24875,16863.169166666667,120000,17,5,,0 days 10:48:33.444000,True,0.0
1124,XBTUSD,Long,2022-11-18 12:32:56.395000+00:00,2022-11-20 11:57:36.351000+00:00,16645.458333333332,16499.333333333332,120000,16,15,,1 days 23:24:39.956000,True,-0.605721
1125,XBTUSD,Long,2022-11-21 02:09:25.506000+00:00,2022-11-21 15:45:46.281000+00:00,16212.420212765957,16087.0,141000,22,7,,0 days 13:36:20.775000,True,0.0
1126,XBTUSD,Long,2022-11-23 10:57:18.589000+00:00,2022-11-27 08:46:06.850000+00:00,16438.23214285714,16514.997142857144,190000,52,31,,3 days 21:48:48.261000,True,4.411699
1127,XBTUSD,Long,2022-11-27 23:03:17.065000+00:00,2022-12-01 09:10:32.554000+00:00,16204.17857142857,16507.245,140000,8,30,,3 days 10:07:15.489000,True,6.533968
1128,XBTUSD,Long,2022-12-05 00:15:43.593000+00:00,2022-12-06 01:16:10.424000+00:00,17028.75,17047.564285714285,350000,45,16,,1 days 01:00:26.831000,True,-0.132315
1129,XBTUSD,Long,2022-12-08 20:05:22.009000+00:00,2022-12-12 00:03:56.329000+00:00,17208.7195,17031.5995,100000,12,8,,3 days 03:58:34.320000,True,0.481688
1130,XBTUSD,Short,2022-12-12 00:05:21.459000+00:00,2022-12-13 10:07:26.917000+00:00,17025.4119,17336.0208,-395000,70,44,,1 days 10:02:05.458000,True,-7.31278
1131,XBTUSD,Long,2022-12-13 10:12:18.809000+00:00,2022-12-15 05:34:08.471000+00:00,17539.525423728814,17931.288559322034,407900,79,64,,1 days 19:21:49.662000,True,-21.404207
1132,XBTUSD,Short,2022-12-15 13:22:53.904000+00:00,2022-12-20 15:22:36.847000+00:00,17481.130833333333,16994.365,-60000,10,9,,5 days 01:59:42.943000,True,-0.76645
1133,XBTUSD,Short,2022-12-22 17:29:18.835000+00:00,2023-01-04 02:37:18.414000+00:00,16694.29411764706,16682.220588235294,-135000,22,15,,12 days 09:07:59.579000,True,2.9233369999999996
1134,XBTUSD,Short,2023-01-04 03:07:12.031000+00:00,2023-01-04 16:39:08.861000+00:00,16808.0,16855.0,-20000,1,1,,0 days 13:31:56.830000,True,-2.546188
1135,XBTUSD,Long,2023-01-07 02:56:57.362000+00:00,2023-01-11 15:36:37.037000+00:00,17038.9,17334.96375,200000,5,14,,4 days 12:39:39.675000,True,-1.585118
1136,XBTUSD,Long,2023-01-11 18:10:09.827000+00:00,2023-01-14 00:44:13.487000+00:00,17455.694,19118.006220095693,200000,11,37,,2 days 06:34:03.660000,True,92.376374
1137,XBTUSD,Short,2023-01-14 00:44:13.487000+00:00,2023-01-18 03:15:28.671000+00:00,21131.347434119278,21244.255760368662,-59100,8,8,,4 days 02:31:15.184000,True,18.999844999999997
1138,XBTUSD,Long,2023-01-18 13:47:13.880000+00:00,2023-01-20 20:07:36.039000+00:00,20812.05724852071,21062.623224852072,260000,62,35,,2 days 06:20:22.159000,True,12.303637
1139,XBTUSD,Short,2023-01-20 20:59:02.759000+00:00,2023-01-22 21:35:06.404000+00:00,22712.5,22523.35892857143,-28000,8,5,,2 days 00:36:03.645000,True,6.470967
1140,XBTUSD,Long,2023-01-23 08:02:35.608000+00:00,2023-01-28 13:22:01.869000+00:00,23149.73080193616,22994.886455481683,1317600,174,123,,5 days 05:19:26.261000,True,-39.305821
1141,XBTUSD,Short,2023-01-28 13:22:01.869000+00:00,2023-01-29 01:05:43.224000+00:00,22997.53579059829,23185.314835471276,-179300,13,21,,0 days 11:43:41.355000,True,0.0
1142,XBTUSD,Long,2023-01-29 01:07:11.596000+00:00,2023-01-29 16:36:44.281000+00:00,23236.6481,23478.62405,1000000,121,74,,0 days 15:29:32.685000,True,-20.635154
1143,XBTUSD,Short,2023-01-29 16:37:07.866000+00:00,2023-01-29 16:43:48.829000+00:00,23496.121236133124,23538.6735340729,-63100,9,7,,0 days 00:06:40.963000,True,0.0
1144,XBTUSD,Short,2023-01-29 18:44:41.192000+00:00,2023-01-29 23:34:59.552000+00:00,23828.64006329114,23774.990316455696,-70000,51,72,,0 days 04:50:18.360000,True,0.0
1145,XBTUSD,Short,2023-01-30 00:22:48.258000+00:00,2023-01-31 00:37:36.319000+00:00,23727.751875,22600.037267080745,-80000,10,11,,1 days 00:14:48.061000,True,45.759771
1146,XBTUSD,Long,2023-01-31 00:37:36.319000+00:00,2023-02-01 19:01:26.795000+00:00,22716.0,23176.0,5000,4,1,,1 days 18:23:50.476000,True,16.835143000000002
1147,XBTUSD,Short,2023-02-01 19:52:30.346000+00:00,2023-02-02 00:44:30.039000+00:00,23746.6,24139.0,-25000,4,2,,0 days 04:51:59.693000,True,0.0
1148,XBTUSD,Long,2023-02-02 15:52:22.733000+00:00,2023-02-08 08:11:26.239000+00:00,23296.323529411766,23185.5,85000,18,13,,5 days 16:19:03.506000,True,-0.206003
1149,XBTUSD,Long,2023-02-09 03:05:47.797000+00:00,2023-02-13 17:43:51.050000+00:00,21846.057626649443,21540.606579311618,773700,90,108,,4 days 14:38:03.253000,True,-13.535422
1150,XBTUSD,Long,2023-02-13 18:31:49.901000+00:00,2023-02-14 03:27:13.451000+00:00,21569.387640449437,21700.225229826352,97900,8,11,,0 days 08:55:23.550000,True,0.0
1151,XBTUSD,Long,2023-02-14 07:42:49.230000+00:00,2023-02-14 08:46:54.533000+00:00,21767.75,21705.5,32000,3,2,,0 days 01:04:05.303000,True,0.0
1152,XBTUSD,Long,2023-02-15 08:34:10.379000+00:00,2023-02-15 11:43:57.240000+00:00,22117.0,22463.28125,16000,6,7,,0 days 03:09:46.861000,True,0.0
1153,XBTUSD,Long,2023-02-16 22:40:03.164000+00:00,2023-02-18 07:56:31.540000+00:00,23523.285714285714,24335.5,126000,6,8,,1 days 09:16:28.376000,True,-0.284707
1154,XBTUSD,Long,2023-02-18 18:12:11.194000+00:00,2023-02-18 19:44:14.618000+00:00,24786.465277777777,24622.755555555555,36000,4,10,,0 days 01:32:03.424000,True,0.0
1155,XBTUSD,Long,2023-02-19 14:40:24.600000+00:00,2023-02-19 16:34:57.215000+00:00,24775.25,24930.571428571428,28000,8,4,,0 days 01:54:32.615000,True,0.0
1156,XBTUSD,Long,2023-02-19 17:58:09.212000+00:00,2023-02-20 22:16:32.191000+00:00,24245.0,24772.076923076922,13000,8,2,,1 days 04:18:22.979000,True,0.510059
1157,XBTUSD,Long,2023-02-21 02:34:28.504000+00:00,2023-02-22 02:32:22.606000+00:00,25004.226333333332,24244.38266666667,150000,27,29,,0 days 23:57:54.102000,True,0.751195
1158,XBTUSD,Short,2023-02-23 02:50:17.618000+00:00,2023-02-23 11:22:31.455000+00:00,24530.14565972222,24226.986301369863,-288000,33,33,,0 days 08:32:13.837000,True,0.0
1159,XBTUSD,Long,2023-02-23 11:22:31.455000+00:00,2023-02-26 18:58:05.557000+00:00,23382.350936967632,23389.141954022987,87000,19,9,,3 days 07:35:34.102000,True,13.628988999999999
1160,XBTUSD,Short,2023-02-27 00:06:20.094000+00:00,2023-02-27 13:25:34.582000+00:00,23520.0,23493.979166666668,-24000,4,7,,0 days 13:19:14.488000,True,3.99878
1161,XBTUSD,Long,2023-02-27 16:13:02.820000+00:00,2023-02-28 02:08:56.009000+00:00,23222.0,23380.0,40000,4,6,,0 days 09:55:53.189000,True,0.0
1162,XBTUSD,Long,2023-02-28 07:30:01.235000+00:00,2023-03-03 10:08:30.947000+00:00,22278.13363732024,22352.166958961767,545200,28,78,,3 days 02:38:29.712000,True,0.94387
1163,XBTUSD,Long,2023-03-03 10:50:20.982000+00:00,2023-03-04 05:29:14.667000+00:00,22245.125,22314.80125,80000,14,14,,0 days 18:38:53.685000,True,7.964617
1164,XBTUSD,Long,2023-03-04 19:55:14.975000+00:00,2023-03-07 08:08:23.035000+00:00,22222.0,22385.5,15000,3,3,,2 days 12:13:08.060000,True,0.001216
1165,XBTUSD,Long,2023-03-07 15:00:59.421000+00:00,2023-03-08 03:23:58.862000+00:00,22031.0,22081.401818181817,55000,4,13,,0 days 12:22:59.441000,True,0.0
1166,XBTUSD,Long,2023-03-08 05:40:56.718000+00:00,2023-03-08 12:54:35.723000+00:00,21855.0,21988.44125,40000,1,15,,0 days 07:13:39.005000,True,0.625673
1167,XBTUSD,Long,2023-03-08 22:56:10.735000+00:00,2023-03-10 09:38:57.952000+00:00,21060.109785714285,19928.352142857144,700000,36,133,,1 days 10:42:47.217000,True,0.527502
1168,XBTUSD,Short,2023-03-10 10:26:38.738000+00:00,2023-03-10 14:19:26.941000+00:00,20026.772727272728,19931.274545454544,-110000,19,16,,0 days 03:52:48.203000,True,-191.524411
1169,XBTUSD,Long,2023-03-11 08:09:19.869000+00:00,2023-03-11 08:46:05.764000+00:00,19947.28525,20130.9675,200000,14,47,,0 days 00:36:45.895000,True,0.0
1170,XBTUSD,Long,2023-03-11 17:07:48.084000+00:00,2023-03-11 18:36:48.881000+00:00,20281.758333333335,20402.206666666665,60000,16,15,,0 days 01:29:00.797000,True,0.0
1171,XBTUSD,Long,2023-03-12 17:33:27.314000+00:00,2023-03-12 22:24:58.864000+00:00,20783.26423076923,21716.418717948716,390000,22,18,,0 days 04:51:31.550000,True,0.0
1172,XBTUSD,Long,2023-03-12 22:35:26.578000+00:00,2023-03-13 00:01:38.051000+00:00,21888.0,22176.576666666668,30000,3,7,,0 days 01:26:11.473000,True,0.0
1173,XBTUSD,Long,2023-03-13 02:47:32.902000+00:00,2023-03-13 14:34:30.550000+00:00,22073.5,23438.75,60000,10,11,,0 days 11:46:57.648000,True,80.478171
1174,XBTUSD,Long,2023-03-13 15:01:34.046000+00:00,2023-03-13 15:09:25.280000+00:00,23642.0,24435.27,5000,1,2,,0 days 00:07:51.234000,True,0.0
1175,XBTUSD,Long,2023-03-14 19:15:17.702000+00:00,2023-03-14 19:58:13.594000+00:00,24476.115185185186,24839.827037037037,135000,29,14,,0 days 00:42:55.892000,True,0.0
1176,XBTUSD,Long,2023-03-14 20:21:02.459000+00:00,2023-03-16 13:15:50.658000+00:00,24616.394607741237,24657.040930445266,1085300,206,325,,1 days 16:54:48.199000,True,20.638757000000002
1177,XBTUSD,Long,2023-03-17 01:33:51.114000+00:00,2023-03-17 08:57:56.510000+00:00,25524.985,26035.917222222222,90000,18,20,,0 days 07:24:05.396000,True,0.0
1178,XBTUSD,Long,2023-03-17 19:32:00.109000+00:00,2023-03-18 01:01:33.409000+00:00,27312.95342370525,27576.450990615223,287700,43,41,,0 days 05:29:33.300000,True,0.0
1179,XBTUSD,Long,2023-03-18 15:29:01.704000+00:00,2023-03-18 19:55:23.207000+00:00,26947.75,27420.233333333334,30000,4,6,,0 days 04:26:21.503000,True,0.0
1180,XBTUSD,Long,2023-03-18 20:07:35.445000+00:00,2023-03-19 16:38:52.326000+00:00,27245.958518518517,27440.55037037037,135000,29,32,,0 days 20:31:16.881000,True,1.736495
1181,XBTUSD,Long,2023-03-20 02:44:03.856000+00:00,2023-03-20 11:51:02.001000+00:00,27354.375,28192.0,20000,3,9,,0 days 09:06:58.145000,True,0.0
1182,XBTUSD,Long,2023-03-22 19:09:03.041000+00:00,2023-03-23 09:46:44.385000+00:00,26999.333333333332,27671.0,15000,3,5,,0 days 14:37:41.344000,True,0.0
1183,XBTUSD,Long,2023-03-23 13:20:40.461000+00:00,2023-03-23 13:25:15.864000+00:00,26155.0,27398.588,50000,3,3,,0 days 00:04:35.403000,True,0.0
1184,XBTUSD,Long,2023-03-23 13:49:11.880000+00:00,2023-03-26 04:30:11.726000+00:00,27172.4375,27520.09875,40000,9,15,,2 days 14:40:59.846000,True,8.473056
1185,XBTUSD,Long,2023-03-27 15:00:23.483000+00:00,2023-03-30 03:57:39.225000+00:00,26779.5,28519.533333333333,15000,5,7,,2 days 12:57:15.742000,True,-0.025122
1186,XBTUSD,Short,2023-04-09 06:14:05.859000+00:00,2023-04-09 21:41:23.905000+00:00,27896.708,28364.623333333333,-75000,19,7,,0 days 15:27:18.046000,True,-0.106235
1187,XBTUSD,Long,2023-04-10 17:10:28.196000+00:00,2023-04-12 11:38:07.369000+00:00,29651.125,30005.5895,70000,21,32,,1 days 18:27:39.173000,True,4.753207
1188,XBTUSD,Short,2023-04-12 12:16:13.290000+00:00,2023-04-12 15:26:35.238000+00:00,30285.03818181818,29933.802727272727,-55000,16,8,,0 days 03:10:21.948000,True,0.0
1189,XBTUSD,Short,2023-04-12 18:45:20.126000+00:00,2023-04-20 12:33:13.750000+00:00,30378.43,28932.18181818182,-50000,14,12,,7 days 17:47:53.624000,True,11.497073
1190,XBTUSD,Short,2023-04-20 23:32:14.098000+00:00,2023-04-21 20:09:43.551000+00:00,28185.714285714286,27260.85714285714,-35000,7,9,,0 days 20:37:29.453000,True,0.152315
1191,XBTUSD,Long,2023-04-21 20:12:29.468000+00:00,2023-04-22 21:17:23.226000+00:00,27257.166666666668,27610.396373056996,240000,43,68,,1 days 01:04:53.758000,True,7.668248
1192,XBTUSD,Short,2023-04-22 21:17:23.226000+00:00,2023-04-22 21:18:23.774000+00:00,27583.0,27583.488063660476,-30200,1,7,,0 days 00:01:00.548000,True,0.0
1193,XBTUSD,Long,2023-04-22 21:18:23.774000+00:00,2023-04-22 22:39:51.791000+00:00,27583.5,27747.612419700214,45200,1,11,,0 days 01:21:28.017000,True,0.0
1194,XBTUSD,Short,2023-04-22 22:39:51.791000+00:00,2023-04-24 23:41:03.033000+00:00,27887.333333333332,27429.58035714286,-39900,7,7,,2 days 01:01:11.242000,True,10.606401
1195,XBTUSD,Short,2023-04-25 21:15:14.524000+00:00,2023-04-26 01:35:48.419000+00:00,28333.0,28303.799285714285,-70000,4,7,,0 days 04:20:33.895000,True,0.0
1196,XBTUSD,Short,2023-04-26 10:53:02.524000+00:00,2023-04-26 19:23:54.825000+00:00,29439.196285714286,29316.66742857143,-175000,28,27,,0 days 08:30:52.301000,True,1.809998
1197,XBTUSD,Long,2023-04-26 19:39:05.375000+00:00,2023-04-26 19:42:16.203000+00:00,28390.83370967742,28430.799677419356,310000,36,30,,0 days 00:03:10.828000,True,0.0
1198,XBTUSD,Long,2023-04-26 19:43:06.086000+00:00,2023-04-26 19:53:16.183000+00:00,28268.5793877551,28035.360408163266,245000,24,39,,0 days 00:10:10.097000,True,0.0
1199,XBTUSD,Short,2023-04-26 19:56:32.681000+00:00,2023-04-26 19:57:59.239000+00:00,27976.882857142857,27903.714285714286,-35000,10,13,,0 days 00:01:26.558000,True,0.0
1200,XBTUSD,Long,2023-04-26 19:58:11.019000+00:00,2023-04-26 20:02:00.195000+00:00,27924.94,27320.66379310345,145000,29,43,,0 days 00:03:49.176000,True,0.0
1201,XBTUSD,Short,2023-04-26 20:28:29.280000+00:00,2023-04-27 00:18:39.763000+00:00,27730.551,28612.149333333335,-150000,51,19,,0 days 03:50:10.483000,True,0.0
1202,XBTUSD,Short,2023-04-27 05:01:10.489000+00:00,2023-04-27 17:17:50.013000+00:00,29063.547143649474,29206.66749861342,-180300,16,18,,0 days 12:16:39.524000,True,-31.767612
1203,XBTUSD,Long,2023-05-01 01:51:28.796000+00:00,2023-05-03 14:41:01.255000+00:00,28075.86971830986,28243.990396927016,156200,17,13,,2 days 12:49:32.459000,True,14.751733
1204,XBTUSD,Long,2023-05-03 21:53:48.748000+00:00,2023-05-06 14:06:28.358000+00:00,29038.566666666666,28776.111538461537,78000,15,8,,2 days 16:12:39.610000,True,-5.405256999999999
1205,XBTUSD,Long,2023-05-11 22:16:38.459000+00:00,2023-05-12 05:17:25.582000+00:00,27012.0,26585.931666666667,30000,9,15,,0 days 07:00:47.123000,True,0.0
1206,XBTUSD,Long,2023-05-12 05:50:42.398000+00:00,2023-05-19 14:53:59.445000+00:00,26548.108484848486,26831.76,165000,26,23,,7 days 09:03:17.047000,True,6.472446000000001
1207,XBTUSD,Long,2023-05-19 15:21:56.098000+00:00,2023-05-24 03:36:03.258000+00:00,26869.805555555555,26741.53101851852,108000,27,10,,4 days 12:14:07.160000,True,5.468422
1208,XBTUSD,Short,2023-05-24 13:49:34.106000+00:00,2023-05-24 16:12:28.779000+00:00,26530.0,26253.0,-6000,1,2,,0 days 02:22:54.673000,True,0.0
1209,XBTUSD,Short,2023-05-25 19:10:36.410000+00:00,2023-05-28 01:01:09.549000+00:00,26721.625,27110.15625,-24000,4,5,,2 days 05:50:33.139000,True,0.23222199999999998
1210,XBTUSD,Long,2023-05-28 22:11:50.205000+00:00,2023-05-30 14:46:10.272000+00:00,28120.0,27691.5,6000,1,1,,1 days 16:34:20.067000,True,0.15967299999999998
1211,XBTUSD,Short,2023-05-30 14:46:18.293000+00:00,2023-06-01 15:30:25.978000+00:00,27669.2703125,26893.5,-64000,8,7,,2 days 00:44:07.685000,True,7.685796
1212,XBTUSD,Long,2023-06-02 02:42:25.194000+00:00,2023-06-05 15:57:09.785000+00:00,27083.416666666668,26215.360416666666,96000,17,15,,3 days 13:14:44.591000,True,0.8301369999999999
1213,XBTUSD,Long,2023-06-05 16:02:32.313000+00:00,2023-06-06 11:23:52.600000+00:00,25678.44199134199,25692.040692640694,115500,13,10,,0 days 19:21:20.287000,True,0.0
1214,XBTUSD,Long,2023-06-06 12:11:14.364000+00:00,2023-06-06 17:03:14.170000+00:00,25819.578125,26312.1796875,32000,5,6,,0 days 04:51:59.806000,True,0.0
1215,XBTUSD,Long,2023-06-06 17:28:15.676000+00:00,2023-06-06 20:18:51.069000+00:00,26707.666666666668,27094.459375,48000,5,9,,0 days 02:50:35.393000,True,0.0
1216,XBTUSD,Long,2023-06-07 14:55:09.003000+00:00,2023-06-12 02:47:14.157000+00:00,25833.53828125,25856.5,80000,20,17,,4 days 11:52:05.154000,True,0.6140310000000002
1217,XBTUSD,Long,2023-06-14 18:46:46.146000+00:00,2023-06-14 20:57:56.843000+00:00,25881.8,24884.08620689655,80000,6,5,,0 days 02:11:10.697000,True,0.0
1218,XBTUSD,Short,2023-06-14 20:57:56.843000+00:00,2023-06-14 21:23:48.119000+00:00,24884.0,25094.116666666665,-36000,1,14,,0 days 00:25:51.276000,True,0.0
1219,XBTUSD,Short,2023-06-15 05:26:32.239000+00:00,2023-06-15 07:14:47.382000+00:00,24953.0,24897.9,-48000,5,6,,0 days 01:48:15.143000,True,0.0
1220,XBTUSD,Long,2023-06-15 08:40:05.681000+00:00,2023-06-15 16:01:39.038000+00:00,24969.0,24921.0,16000,3,6,,0 days 07:21:33.357000,True,-13.893147
1221,XBTUSD,Short,2023-06-15 16:05:57.678000+00:00,2023-06-16 01:44:56.768000+00:00,24921.5,25548.0,-16000,2,2,,0 days 09:38:59.090000,True,0.0
1222,XBTUSD,Long,2023-06-16 02:55:35.512000+00:00,2023-06-18 01:28:21.418000+00:00,25532.875,26448.5,64000,10,4,,1 days 22:32:45.906000,True,9.194241000000002
1223,XBTUSD,Long,2023-06-19 22:17:43.272000+00:00,2023-06-27 05:23:59.099000+00:00,28302.058854166666,30489.447916666668,56000,25,19,,7 days 07:06:15.827000,True,25.5504
1224,XBTUSD,Long,2023-06-28 08:02:21.505000+00:00,2023-06-28 20:15:39.605000+00:00,30200.625,30221.75,160000,22,15,,0 days 12:13:18.100000,True,2.660421
1225,XBTUSD,Long,2023-06-30 03:36:25.066000+00:00,2023-07-03 13:34:16.365000+00:00,30732.091785714285,30432.5,140000,24,17,,3 days 09:57:51.299000,True,-4.165653
1226,XBTUSD,Long,2023-07-03 13:47:08.721000+00:00,2023-07-06 14:24:36.240000+00:00,30794.722222222223,30433.903055555555,120000,17,23,,3 days 00:37:27.519000,True,-2.958231
1227,XBTUSD,Long,2023-07-06 16:59:36.460000+00:00,2023-07-06 21:23:55.060000+00:00,30287.5,30181.0,60000,4,7,,0 days 04:24:18.600000,True,0.0
1228,XBTUSD,Short,2023-07-08 19:20:39.068000+00:00,2023-07-10 15:45:03.839000+00:00,30115.236842105263,30287.15977443609,-53200,12,2,,1 days 20:24:24.771000,True,0.472071
1229,XBTUSD,Long,2023-07-10 15:45:18.441000+00:00,2023-07-10 21:02:29.526000+00:00,30299.57409090909,30750.14590909091,110000,9,11,,0 days 05:17:11.085000,True,0.0
1230,XBTUSD,Long,2023-07-14 22:34:46.760000+00:00,2023-07-15 16:24:44.443000+00:00,30285.6,30253.5,50000,7,7,,0 days 17:49:57.683000,True,0.330085
1231,XBTUSD,Short,2023-07-17 18:26:43.871000+00:00,2023-07-18 12:01:19.824000+00:00,29898.8,29894.3765,-100000,10,8,,0 days 17:34:35.953000,True,1.667722
1232,XBTUSD,Short,2023-07-18 12:13:25.564000+00:00,2023-07-24 11:17:54.078000+00:00,29828.61423076923,29746.71423076923,-80000,12,19,,5 days 23:04:28.514000,True,-4.156266999999999
1233,XBTUSD,Short,2023-07-24 14:51:04.347000+00:00,2023-07-24 19:07:34.138000+00:00,29056.5,29138.24736445783,-120000,5,14,,0 days 04:16:29.791000,True,0.0
1234,XBTUSD,Long,2023-07-24 19:07:34.138000+00:00,2023-07-24 19:45:50.762000+00:00,29141.678091872793,29102.514329976762,129100,8,12,,0 days 00:38:16.624000,True,0.0
1235,XBTUSD,Short,2023-07-29 06:21:05.251000+00:00,2023-07-29 19:45:18.121000+00:00,29325.0,29326.0,-139000,9,8,,0 days 13:24:12.870000,True,0.665046
1236,XBTUSD,Short,2023-07-31 16:11:05.039000+00:00,2023-08-01 03:26:14.703000+00:00,29171.97695035461,29045.5,-84600,5,10,,0 days 11:15:09.664000,True,0.0
1237,XBTUSD,Long,2023-08-01 03:26:14.703000+00:00,2023-08-01 04:58:52.096000+00:00,28860.5,28840.545454545456,15400,1,7,,0 days 01:32:37.393000,True,0.0
1238,XBTUSD,Short,2023-08-06 06:03:30.497000+00:00,2023-08-08 23:27:20.099000+00:00,28953.131308685446,29553.274647887323,-340800,36,30,,2 days 17:23:49.602000,True,0.893827
1239,XBTUSD,Short,2023-08-09 13:42:06.361000+00:00,2023-08-10 00:26:34.661000+00:00,29862.327586206895,29594.5,-139200,10,4,,0 days 10:44:28.300000,True,0.0
1240,XBTUSD,Short,2023-08-10 11:45:11.453000+00:00,2023-08-14 04:24:03.876000+00:00,29412.375,29366.111709770114,-139200,16,14,,3 days 16:38:52.423000,True,5.54835
1241,XBTUSD,Short,2023-08-14 12:25:15.047000+00:00,2023-08-14 14:41:27.496000+00:00,29322.5,29474.387931034482,-34800,2,5,,0 days 02:16:12.449000,True,0.0
1242,XBTUSD,Long,2023-08-14 14:43:23.235000+00:00,2023-08-15 11:22:37.126000+00:00,29545.158045977012,29355.5,139200,12,6,,0 days 20:39:13.891000,True,0.0
1243,XBTUSD,Short,2023-08-15 15:41:58.695000+00:00,2023-08-28 17:15:21.488000+00:00,27954.810115911485,26156.538018219,-158600,79,37,,13 days 01:33:22.793000,True,114.37903599999997
1244,XBTUSD,Long,2023-08-28 17:15:21.488000+00:00,2023-08-28 17:26:20.993000+00:00,26163.5,26134.5,63400,1,3,,0 days 00:10:59.505000,True,0.0
1245,XBTUSD,Short,2023-08-28 17:26:20.993000+00:00,2023-10-16 13:27:13.350000+00:00,26848.54176847004,26975.159536225015,-352000,277,213,,48 days 20:00:52.357000,True,8.764377000000001
1246,XBTUSD,Long,2023-10-16 13:31:52.349000+00:00,2023-10-16 14:07:13.145000+00:00,28776.04551724138,27909.902413793105,290000,18,14,,0 days 00:35:20.796000,True,0.0
1247,XBTUSD,Short,2023-10-16 14:58:29.508000+00:00,2023-10-17 17:01:07.011000+00:00,28494.039678899084,28483.747265165897,-670000,102,85,,1 days 02:02:37.503000,True,-72.829301
1248,XBTUSD,Long,2023-10-17 17:01:07.011000+00:00,2023-11-17 12:23:12.626000+00:00,31994.838331399256,34311.616683912594,1051900,384,346,,30 days 19:22:05.615000,True,650.929528
1249,XBTUSD,Short,2023-11-17 12:23:12.626000+00:00,2023-11-17 12:57:40.841000+00:00,36293.5,36470.0,-53900,7,4,,0 days 00:34:28.215000,True,0.0
1250,XBTUSD,Long,2023-11-17 23:03:53.761000+00:00,2023-11-18 13:18:51.086000+00:00,36579.67125,36397.0,40000,5,2,,0 days 14:14:57.325000,True,-1.459746
1251,XBTUSD,Long,2023-11-18 16:09:04.794000+00:00,2023-11-19 01:42:36.236000+00:00,36717.5,36454.5,40000,5,8,,0 days 09:33:31.442000,True,0.0
1252,XBTUSD,Long,2023-11-19 06:06:32.862000+00:00,2023-11-20 03:56:48.606000+00:00,36657.525,37115.5,40000,2,5,,0 days 21:50:15.744000,True,-1.723312
1253,XBTUSD,Long,2023-11-20 14:53:05.348000+00:00,2023-11-21 00:36:47.776000+00:00,37327.5,37483.0,40000,3,3,,0 days 09:43:42.428000,True,0.0
1254,XBTUSD,Short,2023-11-21 05:34:26.792000+00:00,2023-11-21 17:04:25.158000+00:00,37243.370426254245,37038.03734439834,-131900,47,21,,0 days 11:29:58.366000,True,1.608809
1255,XBTUSD,Long,2023-11-21 17:04:49.493000+00:00,2023-11-23 01:58:34.631000+00:00,36108.97550847458,36539.795423728814,530000,21,87,,1 days 08:53:45.138000,True,22.884475
1256,XBTUSD,Long,2023-11-23 02:32:06.319000+00:00,2023-11-23 11:14:48.834000+00:00,37469.5,37386.5,10000,4,1,,0 days 08:42:42.515000,True,0.0
1257,XBTUSD,Long,2023-11-23 11:22:20.479000+00:00,2023-11-23 11:23:57.397000+00:00,37252.0,37222.5,5000,1,1,,0 days 00:01:36.918000,True,0.0
1258,XBTUSD,Short,2023-11-23 11:23:57.397000+00:00,2023-11-23 11:24:03.602000+00:00,37222.5,37152.0,-15000,1,1,,0 days 00:00:06.205000,True,0.0
1259,XBTUSD,Short,2023-11-23 11:25:38.989000+00:00,2023-11-24 08:03:56.113000+00:00,37242.5,37307.295731707316,-25000,6,2,,0 days 20:38:17.124000,True,-4.066602
1260,XBTUSD,Long,2023-11-24 08:03:56.113000+00:00,2023-11-25 15:21:08.245000+00:00,37735.44742857143,37706.71090909091,165000,27,17,,1 days 07:17:12.132000,True,0.3596560000000002
1261,XBTUSD,Long,2023-11-26 03:31:35.727000+00:00,2023-11-26 03:31:50.301000+00:00,37737.5,37737.0,15000,5,1,,0 days 00:00:14.574000,True,0.0
1262,XBTUSD,Long,2023-11-27 16:00:13.774000+00:00,2023-11-29 00:09:52.302000+00:00,36666.0,37682.5,15000,1,6,,1 days 08:09:38.528000,True,0.723712
1263,XBTUSD,Long,2023-11-29 06:42:15.924000+00:00,2023-11-29 09:43:44.915000+00:00,38088.0,38200.5,25000,3,7,,0 days 03:01:28.991000,True,0.0
1264,XBTUSD,Short,2023-11-29 11:15:27.234000+00:00,2023-12-01 07:01:10.973000+00:00,37757.57831993346,38190.90407540893,-360700,80,50,,1 days 19:45:43.739000,True,3.158074
1265,XBTUSD,Short,2023-12-01 10:05:56.770000+00:00,2023-12-01 16:46:56.129000+00:00,38559.448979591834,38769.58571428571,-245000,50,18,,0 days 06:40:59.359000,True,-13.803116
1266,XBTUSD,Short,2023-12-02 16:43:30.082000+00:00,2023-12-11 20:07:29.547000+00:00,42467.737405223255,42760.7310765349,-525000,182,99,,9 days 03:23:59.465000,True,-27.171325000000003
1267,XBTUSD,Long,2023-12-11 20:07:29.547000+00:00,2023-12-12 00:24:58.730000+00:00,40616.0,41666.0,2000,1,1,,0 days 04:17:29.183000,True,0.0
1268,XBTUSD,Short,2023-12-12 00:24:58.730000+00:00,2023-12-12 18:15:09.633000+00:00,41655.333333333336,41039.22142857143,-28000,2,3,,0 days 17:50:10.903000,True,5.683195
1269,XBTUSD,Long,2023-12-13 13:20:19.196000+00:00,2023-12-13 19:01:38.192000+00:00,41297.0,42333.0,20000,8,1,,0 days 05:41:18.996000,True,0.0
1270,XBTUSD,Short,2023-12-13 19:36:50.783000+00:00,2024-02-26 19:44:44.955000+00:00,47335.31026323856,48262.18450168595,-1568600,1210,1014,,75 days 00:07:54.172000,True,-304.2758500000001
1271,XBTUSD,Short,2024-02-27 01:49:28.194000+00:00,2024-03-05 17:14:19.718000+00:00,61987.45985480551,62620.13970906924,-703200,333,265,,7 days 15:24:51.524000,True,-107.77788099999998
1272,XBTUSD,Long,2024-03-05 19:56:11.521000+00:00,2024-03-06 15:53:02.298000+00:00,59919.875,66396.14020833334,240000,10,22,,0 days 19:56:50.777000,True,1.706693
1273,XBTUSD,Short,2024-03-07 11:31:56.346000+00:00,2024-03-20 04:34:00.434000+00:00,69591.05136684304,66451.32053527981,-1382400,345,292,,12 days 17:02:04.088000,True,292.291013
1274,XBTUSD,Long,2024-03-20 04:34:00.434000+00:00,2024-03-20 19:49:58.392000+00:00,61919.75,64597.71619047619,207600,24,25,,0 days 15:15:57.958000,True,1.895755
1275,XBTUSD,Short,2024-03-20 19:49:58.392000+00:00,2024-03-22 13:45:27.469000+00:00,67553.16205128205,65300.66835894621,-362400,78,36,,1 days 17:55:29.077000,True,26.140524
1276,XBTUSD,Long,2024-03-22 13:45:27.469000+00:00,2024-03-25 15:00:46.214000+00:00,63063.39666666667,68091.50760416666,477600,41,48,,3 days 01:15:18.745000,True,46.882343
1277,XBTUSD,Short,2024-03-25 15:00:46.214000+00:00,2024-04-13 20:08:53.965000+00:00,69301.76787375416,67703.99377516778,-662400,367,279,,19 days 05:08:07.751000,True,122.07491100000001
1278,XBTUSD,Long,2024-04-13 20:08:53.965000+00:00,2024-04-13 21:03:00.730000+00:00,60747.64077669903,62267.47234891676,173600,10,18,,0 days 00:54:06.765000,True,13.199113
1279,XBTUSD,Short,2024-04-13 21:03:00.730000+00:00,2024-04-14 14:36:43.082000+00:00,62371.82846715328,63666.0,-6400,2,2,,0 days 17:33:42.352000,True,2.1655510000000007
1280,XBTUSD,Long,2024-04-14 14:36:43.082000+00:00,2024-04-18 08:21:23.787000+00:00,61238.34771573604,61325.94543147208,137600,23,24,,3 days 17:44:40.705000,True,-0.0446140000000001
1281,XBTUSD,Short,2024-04-19 13:16:56.358000+00:00,2024-08-05 01:13:12.335000+00:00,64533.48091520106,63481.26961468207,-1191000,1371,1324,,107 days 11:56:15.977000,True,445.1626619999999
1282,XBTUSD,Long,2024-08-05 01:13:12.335000+00:00,2024-08-05 11:59:15.423000+00:00,50092.30871670702,52136.54186851211,289000,4,40,,0 days 10:46:03.088000,True,22.360223
1283,XBTUSD,Long,2024-08-05 12:32:46.196000+00:00,2024-08-05 13:36:43.549000+00:00,50001.0,51334.950625,80000,1,9,,0 days 01:03:57.353000,True,4.008611
1284,XBTUSD,Long,2024-08-05 13:42:44.496000+00:00,2024-08-05 14:02:20.687000+00:00,50666.0,52972.07125,40000,1,7,,0 days 00:19:36.191000,True,3.364332
1285,XBTUSD,Short,2024-08-05 14:04:13.064000+00:00,2024-08-23 23:59:05.829000+00:00,58880.794384180386,61987.80598925917,-1970800,206,295,,18 days 09:54:52.765000,True,-236.281093
1286,XBTUSD,Short,2024-08-27 16:58:20.109000+00:00,2024-08-28 08:05:57.579000+00:00,61559.49297369298,58714.94625374625,-300300,16,20,,0 days 15:07:37.470000,True,22.956402999999998
1287,XBTUSD,Short,2024-08-31 09:51:16.197000+00:00,2024-10-25 18:09:56.147000+00:00,60188.75811245945,60745.5866023657,-327200,612,768,,55 days 08:18:39.950000,True,-109.75903499999997
1288,XBTUSD,Long,2024-10-25 18:09:56.147000+00:00,2024-10-27 11:04:20.956000+00:00,66382.94327610872,66993.20083069621,172800,23,44,3.0749429999999998,1 days 16:54:24.809000,True,2.649771
1289,XBTUSD,Long,2024-10-27 13:12:55.506000+00:00,2024-10-29 02:12:11.999000+00:00,68001.54377777778,70438.05384615385,180000,26,5,8.002438,1 days 12:59:16.493000,True,7.870083999999999
1290,XBTUSD,Short,2024-10-29 02:12:11.999000+00:00,2024-10-30 22:27:01.776000+00:00,71813.88338235294,72340.08315491184,-80000,14,27,-2.635545,1 days 20:14:49.777000,True,-0.367188
1291,XBTUSD,Long,2024-10-30 22:27:01.776000+00:00,2024-11-03 16:03:04.009000+00:00,69258.82304795436,68594.72306937975,2490000,322,344,-65.792441,3 days 17:36:02.233000,True,-68.973858
1292,XBTUSD,Short,2024-11-03 16:03:04.009000+00:00,2024-11-03 16:06:41.943000+00:00,68124.25518672199,68233.09008498583,-61000,5,12,-0.209821,0 days 00:03:37.934000,True,-4.633491
1293,XBTUSD,Long,2024-11-03 16:06:41.943000+00:00,2024-11-04 21:38:19.022000+00:00,68133.99704734204,67963.71520689655,3650000,247,372,-22.222366000000005,1 days 05:31:37.079000,True,-25.165943000000002
1294,XBTUSD,Short,2024-11-04 21:38:19.022000+00:00,2024-11-04 22:57:41.243000+00:00,67559.86009174312,68059.87792806332,-1930000,76,102,-22.338681999999995,0 days 01:19:22.221000,True,-28.473305000000003
1295,XBTUSD,Long,2024-11-04 22:57:41.243000+00:00,2024-11-10 04:53:54.945000+00:00,69482.89797039905,72807.81848170732,2008800,114,161,194.66969999999995,5 days 05:56:13.702000,True,190.58145000000002
1296,XBTUSD,Short,2024-11-10 04:53:54.945000+00:00,2025-02-21 19:00:33.619000+00:00,98708.62171383074,98101.81028227255,-196500,2930,2850,189.5917439999996,103 days 14:06:38.674000,True,178.11939699999996
1297,XBTUSD,Long,2025-02-21 19:00:33.619000+00:00,2025-02-21 19:43:21.609000+00:00,96384.37419083649,95787.25139344262,233200,16,20,-1.5760910000000001,0 days 00:42:47.990000,True,-1.55194
1298,XBTUSD,Short,2025-02-21 19:43:21.609000+00:00,2025-03-01 21:46:39.125000+00:00,91427.95454480678,85621.40034228667,-1282000,359,245,306.770986,8 days 02:03:17.516000,True,304.99281300000007
1299,XBTUSD,Long,2025-03-01 21:48:45.094000+00:00,2025-03-01 21:57:18.285000+00:00,85702.54112769486,85999.0,60300,13,1,0.225288,0 days 00:08:33.191000,True,0.190114
1300,XBTUSD,Short,2025-03-02 02:03:26.103000+00:00,2025-11-18 03:23:40.651000+00:00,95905.85217675217,93406.52281041277,-1719600,1706,1765,530.7113210000001,261 days 01:20:14.548000,True,523.9389229999999
1301,XBTUSD,Long,2025-11-18 03:23:40.651000+00:00,2025-11-20 00:35:28.937000+00:00,89765.8,91793.29545454546,180400,5,33,4.6969460000000005,1 days 21:11:48.286000,True,33.51323199999999
1302,XBTUSD,Short,2025-11-20 00:35:28.937000+00:00,2025-11-20 16:12:38.114000+00:00,92066.1,89412.075,-39600,1,5,1.2567949999999999,0 days 15:37:09.177000,True,1.5400740000000002
1303,XBTUSD,Long,2025-11-20 16:12:38.114000+00:00,2025-11-27 01:05:00.323000+00:00,84113.8036316843,87830.37746478873,620400,65,53,34.266352999999995,6 days 08:52:22.209000,True,34.327372
1304,XBTUSD,Short,2025-11-27 01:05:00.323000+00:00,2026-02-03 18:50:15.456000+00:00,92204.0268807947,85497.97408822161,-1099000,355,311,267.16750400000006,68 days 17:45:15.133000,True,267.474381
1305,XBTUSD,Long,2026-02-03 18:50:15.456000+00:00,2026-02-25 02:44:30.204000+00:00,66151.79085015744,69652.78499040307,521000,210,68,43.494501,21 days 07:54:14.748000,True,48.388683000000015
1306,XBTUSD,Short,2026-02-25 18:29:00.559000+00:00,2026-03-01 04:21:19.397000+00:00,69476.3,67178.82833333334,-30000,1,8,1.4542869999999999,3 days 09:52:18.838000,True,1.4348560000000001
1307,XBTUSD,Short,2026-03-04 09:06:41.267000+00:00,,73277.95352395672,67359.91613836477,-998000,142,73,217.69080399999996,136 days 13:04:34.290000,False,216.02660399999996
1308,XBT_USDT,Long,2023-10-23 20:26:14.840000+00:00,,31688.275382475662,,14380000,7,0,0.0,999 days 01:45:00.717000,False,0.0
1309,XLMUSDT,Long,2021-04-11 00:32:18.902000+00:00,2021-04-11 10:00:31.036000+00:00,0.5879526462646265,0.6349699999999999,3333,15,38,,0 days 09:28:12.134000,True,0.0
1310,XRPUSD,Long,2020-07-25 20:39:42.895000+00:00,2020-07-27 03:33:26.418000+00:00,0.21602747252747254,0.22142197802197805,172000,37,10,,1 days 06:53:43.523000,True,11.615672
1311,XRPUSD,Long,2020-10-15 07:11:53.089000+00:00,2020-10-15 10:50:09.699000+00:00,0.249963988,0.2457,50000,10,7,,0 days 03:38:16.610000,True,0.0
1312,XRPUSD,Long,2020-10-21 21:59:26.521000+00:00,2020-10-22 12:59:59.324000+00:00,0.25665,0.2604,20000,4,4,,0 days 15:00:32.803000,True,-0.101365
1313,XRPUSD,Long,2020-10-22 23:21:46.308000+00:00,2020-10-26 15:42:27.631000+00:00,0.254725,0.2499,40000,12,2,,3 days 16:20:41.323000,True,0.6750989999999999
1314,XRPUSD,Long,2020-11-10 07:39:32.445000+00:00,2020-11-10 08:00:54.313000+00:00,0.25559919600000003,0.26076879599999997,25000,7,5,,0 days 00:21:21.868000,True,0.0
1315,XRPUSD,Long,2020-11-10 10:55:09.613000+00:00,2020-11-13 05:47:15.288000+00:00,0.2579714285714286,0.2548,35000,7,11,,2 days 18:52:05.675000,True,2.33174
1316,XRPUSD,Long,2020-11-17 20:54:43.310000+00:00,2020-11-17 21:12:21.473000+00:00,0.30238919999999997,0.3008,5000,3,2,,0 days 00:17:38.163000,True,0.0
1317,XRPUSD,Long,2020-11-18 05:45:05.710000+00:00,2020-11-18 09:29:29.102000+00:00,0.28855,0.2926,10000,2,2,,0 days 03:44:23.392000,True,0.0
1318,XRPUSD,Short,2020-11-21 13:15:33.162000+00:00,2020-11-21 22:53:57.471000+00:00,0.40732782666666667,0.4486,-15000,11,1,,0 days 09:38:24.309000,True,0.0
1319,XRPUSD,Short,2020-11-22 07:29:51.667000+00:00,2020-11-22 19:53:32.621000+00:00,0.4424811142857143,0.46866425714285714,-35000,17,3,,0 days 12:23:40.954000,True,-12.348219
1320,XRPUSD,Short,2020-11-23 18:02:07.037000+00:00,2020-11-23 22:58:08.412000+00:00,0.5496389545454545,0.5969812545454546,-22000,23,5,,0 days 04:56:01.375000,True,0.0
1321,XRPUSD,Short,2020-11-24 01:41:43.971000+00:00,2020-11-24 04:58:22.411000+00:00,0.6333271047058824,0.6738947941176471,-58000,34,22,,0 days 03:16:38.440000,True,0.0
1322,XRPUSD,Short,2020-11-24 05:07:18.262000+00:00,2020-11-24 05:37:34.094000+00:00,0.6782875,0.7228868825,-40000,21,22,,0 days 00:30:15.832000,True,0.0
1323,XRPUSD,Short,2020-11-24 05:39:04.712000+00:00,2020-11-24 06:10:27.844000+00:00,0.76,0.6757891,-25000,6,7,,0 days 00:31:23.132000,True,0.0
1324,XRPUSD,Short,2020-11-24 21:17:39.895000+00:00,2020-11-25 04:02:00.678000+00:00,0.7112,0.6487,-5000,1,1,,0 days 06:44:20.783000,True,0.0
1325,XRPUSD,Short,2020-11-25 06:43:36.475000+00:00,2020-11-25 11:22:40.694000+00:00,0.6688125,0.70999038125,-16000,8,6,,0 days 04:39:04.219000,True,0.0
1326,XRPUSD,Short,2020-11-25 12:07:13.289000+00:00,2020-11-25 18:00:37.914000+00:00,0.697525,0.6860850875000001,-8000,4,6,,0 days 05:53:24.625000,True,0.0
1327,XRPUSD,Short,2020-11-26 02:05:59.561000+00:00,2020-11-26 03:37:52.161000+00:00,0.6211556930232558,0.550853823255814,-43000,23,29,,0 days 01:31:52.600000,True,0.0
1328,XRPUSD,Short,2020-11-28 18:42:17.555000+00:00,2020-11-30 04:57:20.956000+00:00,0.6391956133333333,0.62731788,-10000,18,9,,1 days 10:15:03.401000,True,1.767591
1329,XRPUSD,Long,2020-12-16 07:27:34.643000+00:00,2020-12-20 11:02:24.948000+00:00,0.4577576727272727,0.5660261909090909,11000,14,18,,4 days 03:34:50.305000,True,18.547645
1330,XRPUSD,Long,2020-12-20 22:00:52.638000+00:00,2020-12-22 01:14:57.437000+00:00,0.5417666666666666,0.4891,6000,3,1,,1 days 03:14:04.799000,True,-0.053255
1331,XRPUSD,Long,2020-12-22 03:52:26.740000+00:00,2020-12-22 21:40:48.439000+00:00,0.46166666666666667,0.4157,9000,12,1,,0 days 17:48:21.699000,True,-6.47663
1332,XRPUSD,Long,2020-12-22 22:22:41.800000+00:00,2020-12-23 05:38:12.437000+00:00,0.42491818181818186,0.3398,11000,10,1,,0 days 07:15:30.637000,True,0.0
1333,XRPUSD,Long,2020-12-23 16:57:03.985000+00:00,2020-12-23 22:14:50.511000+00:00,0.27917375492957747,0.2337605633802817,58000,44,2,,0 days 05:17:46.526000,True,0.0
1334,XRPUSD,Long,2020-12-23 22:33:48.764000+00:00,2020-12-23 22:43:25.605000+00:00,0.23847938372093022,0.2542080046511628,43000,8,29,,0 days 00:09:36.841000,True,0.0
1335,XRPUSD,Long,2020-12-23 22:53:20.871000+00:00,2020-12-24 00:16:33.413000+00:00,0.24784549390452318,0.26539665603281304,17554,12,11,,0 days 01:23:12.542000,True,0.0
1336,XRPUSD,Long,2020-12-24 06:27:39.029000+00:00,2020-12-24 22:54:00.505000+00:00,0.24670516170144977,0.2890666666666667,12554,10,11,,0 days 16:26:21.476000,True,-45.359082
1337,XRPUSD,Short,2020-12-24 22:54:00.505000+00:00,2020-12-24 23:31:43.437000+00:00,0.30315000000000003,0.3649,-3000,2,1,,0 days 00:37:42.932000,True,0.0
1338,XRPUSD,Long,2020-12-27 16:06:48.039000+00:00,2020-12-29 03:23:07.305000+00:00,0.30355336375109215,0.24673190952334725,24444,22,14,,1 days 11:16:19.266000,True,-5.395048
1339,XRPUSD,Long,2021-01-01 02:13:34.441000+00:00,2021-01-01 04:46:52.319000+00:00,0.22565959938366717,0.24352030816640985,3245,6,4,,0 days 02:33:17.878000,True,0.0
1340,XRPUSD,Long,2021-01-02 09:23:38.266000+00:00,2021-01-02 12:13:31.096000+00:00,0.2238215434083601,0.22600000000000003,3421,4,4,,0 days 02:49:52.830000,True,0.003827
1341,XRPUSD,Long,2021-01-02 16:40:15.894000+00:00,2021-01-02 18:51:17.961000+00:00,0.21895,0.22330000000000003,4444,3,2,,0 days 02:11:02.067000,True,0.0
1342,XRPUSD,Long,2021-01-03 14:39:34.245000+00:00,2021-01-04 11:00:29.792000+00:00,0.2335112362730669,0.23787385090003396,33110,12,18,,0 days 20:20:55.547000,True,0.0
1343,XRPUSD,Long,2021-01-25 14:19:21.677000+00:00,2021-01-26 03:39:48.756000+00:00,0.2841140063000225,0.26857331570827037,124444,41,79,,0 days 13:20:27.079000,True,0.0
1344,XRPUSD,Long,2021-01-29 05:36:58.323000+00:00,2021-01-30 10:39:51.159000+00:00,0.29776544433408314,0.2993595096549911,305550,246,280,,1 days 05:02:52.836000,True,-1.008577
1345,XRPUSD,Long,2021-01-30 15:53:26.621000+00:00,2021-01-30 16:06:14.283000+00:00,0.3765267475249647,0.4062004950070715,46666,14,2,,0 days 00:12:47.662000,True,0.0
1346,XRPUSD,Long,2021-01-30 16:45:28.187000+00:00,2021-01-30 16:56:58.376000+00:00,0.42571495934259773,0.43109481134104893,32481,39,31,,0 days 00:11:30.189000,True,0.0
1347,XRPUSD,Long,2021-01-30 17:08:14.955000+00:00,2021-01-30 17:16:47.477000+00:00,0.4029012520289617,0.4074932000145903,109662,100,98,,0 days 00:08:32.522000,True,0.0
1348,XRPUSD,Long,2021-01-30 18:02:55.270000+00:00,2021-01-30 19:01:15.651000+00:00,0.3706798186390625,0.38961015283672246,166996,94,79,,0 days 00:58:20.381000,True,0.0
1349,XRPUSD,Short,2021-01-30 19:01:15.651000+00:00,2021-01-30 19:09:54.567000+00:00,0.3943,0.40774225562726274,-12706,5,14,,0 days 00:08:38.916000,True,0.0
1350,XRPUSD,Long,2021-01-30 19:58:05.097000+00:00,2021-01-31 15:32:57.949000+00:00,0.4328740238881311,0.4439584790755777,154145,193,321,,0 days 19:34:52.852000,True,149.375244
1351,XRPUSD,Short,2021-01-31 15:54:33.217000+00:00,2021-01-31 16:02:55.599000+00:00,0.4724663382256341,0.47055455944782687,-101997,66,67,,0 days 00:08:22.382000,True,0.0
1352,XRPUSD,Long,2021-02-01 03:16:48.193000+00:00,2021-02-01 10:01:18.249000+00:00,0.5311092864881597,0.5830683398671037,93324,133,198,,0 days 06:44:30.056000,True,0.0
1353,XRPUSD,Short,2021-02-01 10:01:18.249000+00:00,2021-02-01 13:33:37.042000+00:00,0.6725890379923318,0.6236920060756075,-8219,41,22,,0 days 03:32:18.793000,True,203.211901
1354,XRPUSD,Long,2021-02-01 13:33:37.042000+00:00,2021-02-02 18:15:42.904000+00:00,0.4096220559851443,0.4219391182917055,121888,94,190,,1 days 04:42:05.862000,True,76.541036
1355,XRPUSD,Long,2021-02-04 05:53:12.811000+00:00,2021-02-04 11:57:12.383000+00:00,0.38965,0.3901,10222,2,2,,0 days 06:03:59.572000,True,0.0
1356,XRPUSD,Long,2021-02-04 14:29:43.472000+00:00,2021-02-04 19:35:19.993000+00:00,0.40656760606060605,0.4308776121212121,33000,20,10,,0 days 05:05:36.521000,True,0.0
1357,XRPUSD,Long,2021-02-05 02:21:39.885000+00:00,2021-02-05 09:45:55.918000+00:00,0.4344587863636364,0.4428695909090909,22000,19,5,,0 days 07:24:16.033000,True,0.0
1358,XRPUSD,Long,2021-02-05 09:56:31.028000+00:00,2021-02-05 09:59:16.820000+00:00,0.4300999999999999,0.4313180818181819,11000,1,12,,0 days 00:02:45.792000,True,0.0
1359,XRPUSD,Long,2021-02-07 10:15:49.504000+00:00,2021-02-08 08:01:13.604000+00:00,0.436725,0.4342,40888,12,1,,0 days 21:45:24.100000,True,-0.000349
1360,XRPUSD,Long,2021-02-08 20:54:10.671000+00:00,2021-02-13 14:27:32.395000+00:00,0.46492774977497753,0.603472898289829,22220,25,34,,4 days 17:33:21.724000,True,48.687086
1361,XRPUSD,Long,2021-02-15 01:34:50.829000+00:00,2021-02-22 14:38:01.227000+00:00,0.5231798185277331,0.5635587004244109,27332,17,42,,7 days 13:03:10.398000,True,4.718347999999999
1362,XRPUSD,Long,2021-03-08 09:56:54.201000+00:00,2021-03-22 16:20:36.664000+00:00,0.47539176417641765,0.524214196669667,44440,33,36,,14 days 06:23:42.463000,True,8.008941
1363,XRPUSD,Long,2021-03-27 00:23:22.318000+00:00,2021-04-05 16:03:48.076000+00:00,0.5524005663495323,0.6534437131993133,46775,81,67,,9 days 15:40:25.758000,True,93.324985
1364,XRPUSD,Long,2021-04-20 18:45:53.246000+00:00,2021-04-25 06:34:59.622000+00:00,1.3497000000000001,1.1070207290729073,11110,28,50,,4 days 11:49:06.376000,True,-28.445469000000003
1365,XRPUSD,Long,2021-05-02 18:56:07.182000+00:00,2021-05-06 06:27:47.150000+00:00,1.50272,1.6027053285328532,11110,10,22,,3 days 11:31:39.968000,True,-2.553211
1366,XRPUSD,Long,2021-05-07 02:37:56.271000+00:00,2021-05-08 18:17:07.931000+00:00,1.5175500000000002,1.5669,2222,4,6,,1 days 15:39:11.660000,True,-0.359736
1367,XRPUSD,Long,2021-05-10 19:54:46.419000+00:00,2021-05-12 19:12:12.311000+00:00,1.3219187716830754,1.3775387248007502,17886,33,52,,1 days 23:17:25.892000,True,19.985341
1368,XRPUSD,Long,2021-05-12 23:52:40.751000+00:00,2021-05-13 18:46:40.455000+00:00,1.25,1.256705280528053,3333,4,10,,0 days 18:53:59.704000,True,2.673534
1369,XRPUSD,Long,2021-05-17 11:26:26.373000+00:00,2021-05-18 23:09:59.626000+00:00,1.5222971588463194,1.588672396587485,51106,115,101,,1 days 11:43:33.253000,True,-5.537945000000001
1370,XRPUSD,Short,2021-05-19 00:12:35.484000+00:00,2021-05-19 00:47:26.198000+00:00,1.635,1.6207285628562857,-13332,24,16,,0 days 00:34:50.714000,True,0.0
1371,XRPUSD,Long,2021-05-19 04:24:41.359000+00:00,2021-05-19 16:06:11.788000+00:00,1.3442857142857143,1.18775069435515,15554,77,6,,0 days 11:41:30.429000,True,67.46808
1372,XRPUSD,Short,2021-05-19 16:46:57.673000+00:00,2021-05-19 18:28:51.953000+00:00,1.26,1.2157487848784878,-2222,5,5,,0 days 01:41:54.280000,True,0.0
1373,XRPUSD,Long,2021-06-24 16:50:37.056000+00:00,2021-06-25 08:17:41.377000+00:00,0.6823362765037286,0.6339478317787596,42777,32,33,,0 days 15:27:04.321000,True,0.0
1374,XRPUSD,Long,2021-07-04 07:20:10.963000+00:00,2021-07-14 03:52:58.904000+00:00,0.681561570045682,0.6075315993704548,73552,223,164,,9 days 20:32:47.941000,True,-39.633782999999994
1375,XRPUSD,Short,2021-07-14 03:52:58.904000+00:00,2021-07-14 03:59:04.302000+00:00,0.5898,0.593102294264339,-2005,7,4,,0 days 00:06:05.398000,True,0.0
1376,XRPUSD,Long,2021-07-22 17:24:09.935000+00:00,2021-07-26 18:51:16.846000+00:00,0.596690204020402,0.662241299129913,6666,10,7,,4 days 01:27:06.911000,True,-0.24186199999999997
1377,XRPUSD,Long,2021-07-28 06:43:20.210000+00:00,2021-07-30 06:04:09.089000+00:00,0.635,0.7506075157515752,2222,19,3,,1 days 23:20:48.879000,True,-0.061228000000000005
1378,XRPUSD,Long,2021-10-20 19:37:16.125000+00:00,2021-11-26 08:17:30.480000+00:00,1.1058104039815746,1.1660411870598824,18887,34,37,,36 days 12:40:14.355000,True,18.299889999999994
1379,XRPUSD,Long,2022-02-07 02:36:16.270000+00:00,2022-02-08 08:42:39.960000+00:00,0.7154001227998363,0.7769157183790422,2443,9,6,,1 days 06:06:23.690000,True,2.352797
1380,XRPUSD,Long,2022-02-10 04:28:53.427000+00:00,2022-02-12 21:31:30.838000+00:00,0.8041642857142857,0.8244397968368266,31108,57,36,,2 days 17:02:37.411000,True,-0.18355000000000002
1381,XRPUSD,Long,2022-03-09 07:11:55.103000+00:00,2022-03-10 04:49:39.185000+00:00,0.7497385638563856,0.7454552321898856,26664,50,56,,0 days 21:37:44.082000,True,-0.072177
1382,XRPUSD,Long,2022-03-17 19:51:11.443000+00:00,2022-03-18 08:38:00.807000+00:00,0.796456070227867,0.7897,2677,15,4,,0 days 12:46:49.364000,True,0.0
1383,XRPUSD,Long,2022-03-19 05:34:19.240000+00:00,2022-03-27 12:42:14.496000+00:00,0.80947,0.8209846984698469,7777,31,43,,8 days 07:07:55.256000,True,1.4995919999999996
1384,XRPUSD,Long,2022-03-31 01:48:59.522000+00:00,2022-05-05 13:06:17.218000+00:00,0.8227990645717919,0.6929006175642539,8351,45,41,,35 days 11:17:17.696000,True,-19.604169
1385,XRPUSD,Long,2022-05-31 22:56:05.874000+00:00,2022-06-11 13:05:22.759000+00:00,0.4074111111111111,0.3693000000000001,5400,21,3,,10 days 14:09:16.885000,True,-0.33052
1386,XRPUSD,Short,2022-10-08 04:25:58.049000+00:00,2022-10-19 20:49:00.747000+00:00,0.5191992280701755,0.4709524912280702,-1500,15,18,,11 days 16:23:02.698000,True,4.942295000000001
1387,XRPUSD,Long,2023-03-21 19:36:53.086000+00:00,2023-03-21 21:54:55.475000+00:00,0.46905,0.47522807499999997,35000,39,39,,0 days 02:18:02.389000,True,0.0
1388,XRPUSD,Long,2023-03-21 22:03:58.406000+00:00,2023-03-23 08:11:16.191000+00:00,0.45814375,0.46596359875,80000,96,115,,1 days 10:07:17.785000,True,17.718898
1389,XRPUSD,Long,2023-06-06 00:10:18.336000+00:00,2023-06-11 07:55:36.202000+00:00,0.5027875,0.51054610625,10000,20,52,,5 days 07:45:17.866000,True,3.4183529999999998
1390,XRPUSD,Long,2023-06-14 20:49:41.096000+00:00,2023-06-15 06:59:21.591000+00:00,0.4671,0.47490000000000004,2000,1,2,,0 days 10:09:40.495000,True,0.0
1391,XTZUSDTZ20,Long,2020-10-10 07:58:05.289000+00:00,2020-10-13 13:57:53.783000+00:00,2.5188571428571427,2.5945,14000,8,1,,3 days 05:59:48.494000,True,-0.012419999999999999
1392,YFIUSDTH21,Long,2020-12-31 07:06:20.957000+00:00,2021-01-03 09:40:58.781000+00:00,25537.5,21280.599599599598,999,25,3,,3 days 02:34:37.824000,True,0.035987000000000005
1393,YFIUSDTH21,Long,2021-01-04 02:56:26.899000+00:00,2021-01-07 18:47:50.900000+00:00,26928.15737410072,31868.498800959234,1668,24,22,,3 days 15:51:24.001000,True,42.615314999999995
1394,YFIUSDTH21,Long,2021-01-12 03:44:21.173000+00:00,2021-01-15 02:40:28.409000+00:00,31327.5,35500.0,143,11,1,,2 days 22:56:07.236000,True,0.00047100000000000006
1395,YFIUSDTH21,Long,2021-01-18 07:02:36.193000+00:00,2021-01-22 22:56:30.577000+00:00,34024.25332866153,34112.77084793273,1427,54,3,,4 days 15:53:54.384000,True,0.111618
1396,YFIUSDTH21,Long,2021-01-30 14:33:08.630000+00:00,2021-01-31 08:08:01.875000+00:00,36054.0,35399.94155844156,77,3,5,,0 days 17:34:53.245000,True,0.0
1397,YFIUSDTH21,Short,2021-01-31 12:29:14.835000+00:00,2021-01-31 13:43:39.788000+00:00,36222.0,36085.5,-77,5,4,,0 days 01:14:24.953000,True,0.0
1398,YFIUSDTH21,Long,2021-02-03 15:04:20.687000+00:00,2021-02-14 16:03:22.076000+00:00,37912.42207207207,43834.2,1110,78,106,,11 days 00:59:01.389000,True,55.592014
1399,YFIUSDTH21,Long,2021-03-07 23:54:53.705000+00:00,2021-03-08 22:24:32.751000+00:00,40672.5,40200.0,55,5,10,,0 days 22:29:39.046000,True,0.00437
1400,YFIUSDTZ20,Long,2020-10-30 20:01:47.433000+00:00,2020-10-30 23:18:16.395000+00:00,11614.687375,10839.4,8000,12,1,,0 days 03:16:28.962000,True,0.0
1401,YFIUSDTZ20,Long,2020-10-31 09:03:30.640000+00:00,2020-10-31 14:19:05.596000+00:00,11156.02553007356,10411.3,4622,12,1,,0 days 05:15:34.956000,True,-62.445187
1402,YFIUSDTZ20,Long,2020-11-02 00:51:58.956000+00:00,2020-11-02 10:09:40.574000+00:00,10892.246449237244,10165.2,1901,12,1,,0 days 09:17:41.618000,True,0.0
1403,YFIUSDTZ20,Long,2020-11-06 04:18:27.464000+00:00,2020-11-06 12:11:44.469000+00:00,9313.5,10016.5,327,2,1,,0 days 07:53:17.005000,True,-0.020979
1404,YFIUSDTZ20,Long,2020-11-09 21:04:59.187000+00:00,2020-11-10 14:53:19.272000+00:00,9313.5,18581.0,173,1,1,,0 days 17:48:20.085000,True,0.004028
1405,YFIUSDTZ20,Long,2020-11-13 17:28:26.390000+00:00,2020-11-17 10:10:38.161000+00:00,18934.135938827527,20662.025063721325,1177,37,3,,3 days 16:42:11.771000,True,0.007186
1406,YFIUSDTZ20,Long,2020-11-17 19:30:24.586000+00:00,2020-11-18 00:33:01.105000+00:00,21459.75,23450.0,200,2,1,,0 days 05:02:36.519000,True,0.0
1407,YFIUSDTZ20,Long,2020-11-18 00:39:36.470000+00:00,2020-11-18 09:57:35.179000+00:00,22666.954545454544,22666.0,550,15,4,,0 days 09:17:58.709000,True,0.0
1408,YFIUSDTZ20,Long,2020-11-22 05:32:07.073000+00:00,2020-11-22 20:07:17.831000+00:00,22870.833333333332,27525.0,300,3,1,,0 days 14:35:10.758000,True,-0.005794
1409,YFIUSDTZ20,Long,2020-11-22 20:27:33.423000+00:00,2020-11-24 01:42:29.785000+00:00,25870.0,27345.5,600,9,1,,1 days 05:14:56.362000,True,13.933202
1410,YFIUSDTZ20,Long,2020-11-24 03:00:01.718000+00:00,2020-11-24 21:34:37.215000+00:00,26530.25,25520.491666666665,600,21,8,,0 days 18:34:35.497000,True,6.857659
1411,YFIUSDTZ20,Long,2020-11-25 03:57:48.823000+00:00,,24852.860414690338,25447.42098519362,1930,190,168,,2061 days 18:13:26.734000,False,35.381351999999985
